InvoiceNo,CustomerID,Description,Quantity,UnitPrice,Category,Discount,PaymentMethod
536480,,REGENCY CAKESTAND 3 TIER,,3.06,Kitchen,0.0,Gift Card
536106,,HAND WARMER UNION JACK,,2.1,Seasonal,0.24,PayPal
536181,,JUMBO BAG PINK POLKADOT,,not_a_price,Storage,0.09,Gift Card
536111,12122.0,JUMBO BAG PINK POLKADOT,10.0,,Storage,0.16,Gift Card
536344,,REGENCY CAKESTAND 3 TIER,7.0,,Kitchen,0.0,Gift Card
536192,13312.0,CREAM CUPID HEARTS COAT HANGER,,,Home Decor,0.08,Gift Card
536339,12488.0,PACK OF 72 RETROSPOT CAKE CASES,,3.61,Party Supplies,0.24,Gift Card
536240,14839.0,CREAM CUPID HEARTS COAT HANGER,,,Home Decor,0.06,Gift Card
536188,,SET OF 3 CAKE TINS PANTRY DESIGN,6.0,,Kitchen,0.0,Credit Card
536186,,CREAM CUPID HEARTS COAT HANGER,,not_a_price,Home Decor,0.0,Gift Card
536166,,PACK OF 72 RETROSPOT CAKE CASES,3.0,,Party Supplies,0.0,Credit Card
536323,17985.0,REGENCY CAKESTAND 3 TIER,,not_a_price,Kitchen,0.28,Bank Transfer
536457,14323.0,ASSORTED COLOUR BIRD ORNAMENT,1.0,,Gifts,0.0,Credit Card
536144,,WHITE HANGING HEART T-LIGHT HOLDER,,,Home Decor,0.0,Credit Card
536189,,WHITE HANGING HEART T-LIGHT HOLDER,5.0,,Home Decor,0.03,Bank Transfer
536065,15619.0,JUMBO BAG PINK POLKADOT,,not_a_price,Storage,0.2,Gift Card
536478,,WHITE METAL LANTERN,,not_a_price,Lighting,0.0,Credit Card
536252,,GLASS STAR FROSTED T-LIGHT HOLDER,,,Lighting,0.0,Gift Card
536187,17304.0,PACK OF 72 RETROSPOT CAKE CASES,,,Party Supplies,0.13,PayPal
536338,,GLASS STAR FROSTED T-LIGHT HOLDER,4.0,4.35,Lighting,0.0,Bank Transfer
536134,13561.0,REGENCY CAKESTAND 3 TIER,2.0,4.75,Kitchen,0.0,Credit Card
536138,,GLASS STAR FROSTED T-LIGHT HOLDER,,,Lighting,0.0,Credit Card
536196,,SET OF 3 CAKE TINS PANTRY DESIGN,,not_a_price,Kitchen,0.0,Gift Card
536349,,SET OF 3 CAKE TINS PANTRY DESIGN,3.0,not_a_price,Kitchen,0.0,Gift Card
536045,,PACK OF 72 RETROSPOT CAKE CASES,,3.02,Party Supplies,0.0,Gift Card
536296,,JUMBO BAG PINK POLKADOT,,,Storage,0.06,Credit Card
536097,15976.0,ASSORTED COLOUR BIRD ORNAMENT,,,Gifts,0.0,Gift Card
536230,,HAND WARMER UNION JACK,,,Seasonal,0.0,Credit Card
536455,,JUMBO BAG PINK POLKADOT,,not_a_price,Storage,0.0,Credit Card
536074,14671.0,PACK OF 72 RETROSPOT CAKE CASES,3.0,,Party Supplies,0.0,Gift Card
536149,12681.0,PACK OF 72 RETROSPOT CAKE CASES,,,Party Supplies,0.1,Gift Card
536044,,SET OF 3 CAKE TINS PANTRY DESIGN,,3.59,Kitchen,0.1,PayPal
536397,,REGENCY CAKESTAND 3 TIER,,not_a_price,Kitchen,0.07,Bank Transfer
536397,13547.0,REGENCY CAKESTAND 3 TIER,,3.64,Kitchen,0.0,PayPal
536036,,WHITE HANGING HEART T-LIGHT HOLDER,,4.02,Home Decor,0.0,Credit Card
536343,15586.0,WHITE HANGING HEART T-LIGHT HOLDER,,,Home Decor,0.0,Credit Card
536032,17742.0,WHITE METAL LANTERN,,,Lighting,0.07,Gift Card
536165,,GLASS STAR FROSTED T-LIGHT HOLDER,,,Lighting,0.0,Gift Card
536379,,REGENCY CAKESTAND 3 TIER,,,Kitchen,0.0,Bank Transfer
536021,13949.0,PACK OF 72 RETROSPOT CAKE CASES,,,Party Supplies,0.0,Bank Transfer
536450,13043.0,WHITE METAL LANTERN,,1.04,Lighting,0.08,Credit Card
536397,15790.0,WHITE METAL LANTERN,,1.92,Lighting,0.2,PayPal
536079,,GLASS STAR FROSTED T-LIGHT HOLDER,1.0,1.83,Lighting,0.0,PayPal
536206,13173.0,REGENCY CAKESTAND 3 TIER,,,Kitchen,0.0,PayPal
536069,,HAND WARMER UNION JACK,,,Seasonal,0.0,PayPal
536058,,WHITE HANGING HEART T-LIGHT HOLDER,,4.76,Home Decor,0.0,Credit Card
536038,,PACK OF 72 RETROSPOT CAKE CASES,5.0,,Party Supplies,0.0,Credit Card
536427,,CREAM CUPID HEARTS COAT HANGER,2.0,2.87,Home Decor,0.09,Credit Card
536217,,WHITE HANGING HEART T-LIGHT HOLDER,9.0,,Home Decor,0.0,PayPal
536081,,CREAM CUPID HEARTS COAT HANGER,,,Home Decor,0.07,Bank Transfer
536141,,GLASS STAR FROSTED T-LIGHT HOLDER,,3.95,Lighting,0.0,PayPal
536417,17528.0,WHITE METAL LANTERN,,,Lighting,0.0,PayPal
536477,,ASSORTED COLOUR BIRD ORNAMENT,,,Gifts,0.29,Gift Card
536352,16990.0,JUMBO BAG PINK POLKADOT,,4.14,Storage,0.25,Bank Transfer
536055,,SET OF 3 CAKE TINS PANTRY DESIGN,,4.04,Kitchen,0.0,Bank Transfer
536090,17144.0,PACK OF 72 RETROSPOT CAKE CASES,,1.15,Party Supplies,0.02,Gift Card
536471,,WHITE METAL LANTERN,,not_a_price,Lighting,0.0,Bank Transfer
536068,14271.0,WHITE HANGING HEART T-LIGHT HOLDER,,not_a_price,Home Decor,0.02,Credit Card
536059,15788.0,WHITE HANGING HEART T-LIGHT HOLDER,1.0,not_a_price,Home Decor,0.0,Gift Card
536162,16625.0,REGENCY CAKESTAND 3 TIER,,,Kitchen,0.17,PayPal
536070,13776.0,WHITE HANGING HEART T-LIGHT HOLDER,,,Home Decor,0.0,Bank Transfer
536068,16612.0,JUMBO BAG PINK POLKADOT,,,Storage,0.0,Bank Transfer
536402,,GLASS STAR FROSTED T-LIGHT HOLDER,,2.36,Lighting,0.18,PayPal
536494,13531.0,JUMBO BAG PINK POLKADOT,,,Storage,0.0,Credit Card
536425,,REGENCY CAKESTAND 3 TIER,,not_a_price,Kitchen,0.05,Credit Card
536235,,CREAM CUPID HEARTS COAT HANGER,,,Home Decor,0.0,Bank Transfer
536140,17386.0,SET OF 3 CAKE TINS PANTRY DESIGN,,not_a_price,Kitchen,0.05,Bank Transfer
536473,,JUMBO BAG PINK POLKADOT,,2.73,Storage,0.16,Credit Card
536057,,WHITE METAL LANTERN,1.0,3.86,Lighting,0.13,Credit Card
536216,,ASSORTED COLOUR BIRD ORNAMENT,8.0,1.24,Gifts,0.26,Bank Transfer
536148,,WHITE METAL LANTERN,,,Lighting,0.0,PayPal
536456,,WHITE HANGING HEART T-LIGHT HOLDER,,,Home Decor,0.01,Credit Card
536230,15892.0,PACK OF 72 RETROSPOT CAKE CASES,,not_a_price,Party Supplies,0.17,PayPal
536304,13424.0,WHITE HANGING HEART T-LIGHT HOLDER,,not_a_price,Home Decor,0.0,Bank Transfer
536168,17896.0,WHITE HANGING HEART T-LIGHT HOLDER,,not_a_price,Home Decor,0.04,Gift Card
536338,,REGENCY CAKESTAND 3 TIER,,,Kitchen,0.0,Bank Transfer
536104,13141.0,REGENCY CAKESTAND 3 TIER,,,Kitchen,0.26,Credit Card
536372,,CREAM CUPID HEARTS COAT HANGER,,,Home Decor,0.0,Credit Card
536309,15485.0,ASSORTED COLOUR BIRD ORNAMENT,,not_a_price,Gifts,0.0,Bank Transfer
536028,,ASSORTED COLOUR BIRD ORNAMENT,,,Gifts,0.27,Bank Transfer
536391,,GLASS STAR FROSTED T-LIGHT HOLDER,2.0,4.38,Lighting,0.01,Bank Transfer
536367,13654.0,ASSORTED COLOUR BIRD ORNAMENT,,not_a_price,Gifts,0.03,PayPal
536355,15879.0,ASSORTED COLOUR BIRD ORNAMENT,,3.08,Gifts,0.0,Credit Card
536298,,JUMBO BAG PINK POLKADOT,,,Storage,0.0,PayPal
536105,,WHITE HANGING HEART T-LIGHT HOLDER,,3.74,Home Decor,0.19,Bank Transfer
536436,,SET OF 3 CAKE TINS PANTRY DESIGN,,not_a_price,Kitchen,0.0,PayPal
536401,17945.0,SET OF 3 CAKE TINS PANTRY DESIGN,,2.76,Kitchen,0.0,Gift Card
536282,,GLASS STAR FROSTED T-LIGHT HOLDER,8.0,1.11,Lighting,0.0,Gift Card
536322,,REGENCY CAKESTAND 3 TIER,1.0,,Kitchen,0.0,Gift Card
536067,16673.0,SET OF 3 CAKE TINS PANTRY DESIGN,,not_a_price,Kitchen,0.0,Gift Card
536465,,WHITE HANGING HEART T-LIGHT HOLDER,,not_a_price,Home Decor,0.11,PayPal
536140,,WHITE HANGING HEART T-LIGHT HOLDER,5.0,not_a_price,Home Decor,0.0,Bank Transfer
536190,,WHITE METAL LANTERN,,,Lighting,0.0,PayPal
536046,12707.0,CREAM CUPID HEARTS COAT HANGER,,1.87,Home Decor,0.0,Bank Transfer
536100,,WHITE HANGING HEART T-LIGHT HOLDER,,3.45,Home Decor,0.0,PayPal
536054,,CREAM CUPID HEARTS COAT HANGER,,4.79,Home Decor,0.28,Bank Transfer
536151,,PACK OF 72 RETROSPOT CAKE CASES,,2.6,Party Supplies,0.0,Credit Card
536104,12188.0,CREAM CUPID HEARTS COAT HANGER,,,Home Decor,0.0,Gift Card
536023,,JUMBO BAG PINK POLKADOT,,,Storage,0.24,PayPal
536367,,GLASS STAR FROSTED T-LIGHT HOLDER,,,Lighting,0.0,Credit Card
536014,15674.0,GLASS STAR FROSTED T-LIGHT HOLDER,,1.32,Lighting,0.0,PayPal
536130,14676.0,CREAM CUPID HEARTS COAT HANGER,10.0,1.82,Home Decor,0.04,Bank Transfer
536265,,HAND WARMER UNION JACK,,1.47,Seasonal,0.25,PayPal
536218,,PACK OF 72 RETROSPOT CAKE CASES,4.0,,Party Supplies,0.0,Bank Transfer
536085,,WHITE METAL LANTERN,,not_a_price,Lighting,0.14,Bank Transfer
536164,12446.0,WHITE METAL LANTERN,7.0,not_a_price,Lighting,0.0,Credit Card
536166,,SET OF 3 CAKE TINS PANTRY DESIGN,,4.6,Kitchen,0.0,PayPal
536433,15959.0,REGENCY CAKESTAND 3 TIER,,not_a_price,Kitchen,0.0,Bank Transfer
536157,,CREAM CUPID HEARTS COAT HANGER,7.0,,Home Decor,0.0,Credit Card
536448,,WHITE METAL LANTERN,10.0,,Lighting,0.0,Gift Card
536452,,JUMBO BAG PINK POLKADOT,,not_a_price,Storage,0.0,Bank Transfer
536182,,JUMBO BAG PINK POLKADOT,,,Storage,0.0,Bank Transfer
536474,,SET OF 3 CAKE TINS PANTRY DESIGN,7.0,,Kitchen,0.0,Gift Card
536232,,HAND WARMER UNION JACK,,not_a_price,Seasonal,0.0,PayPal
536495,13718.0,PACK OF 72 RETROSPOT CAKE CASES,,,Party Supplies,0.0,PayPal
536066,14017.0,JUMBO BAG PINK POLKADOT,,2.54,Storage,0.05,Credit Card
536107,,ASSORTED COLOUR BIRD ORNAMENT,,,Gifts,0.0,Gift Card
536455,,JUMBO BAG PINK POLKADOT,,2.41,Storage,0.0,Credit Card
536154,16597.0,REGENCY CAKESTAND 3 TIER,,not_a_price,Kitchen,0.0,Credit Card
536162,12908.0,ASSORTED COLOUR BIRD ORNAMENT,,1.08,Gifts,0.0,Credit Card
536489,,WHITE HANGING HEART T-LIGHT HOLDER,,,Home Decor,0.0,PayPal
536471,,GLASS STAR FROSTED T-LIGHT HOLDER,7.0,,Lighting,0.24,Bank Transfer
536462,12713.0,WHITE HANGING HEART T-LIGHT HOLDER,7.0,,Home Decor,0.0,Bank Transfer
536243,,PACK OF 72 RETROSPOT CAKE CASES,9.0,2.16,Party Supplies,0.0,PayPal
536136,16492.0,JUMBO BAG PINK POLKADOT,,,Storage,0.26,Credit Card
536082,,PACK OF 72 RETROSPOT CAKE CASES,,,Party Supplies,0.15,Credit Card
536200,,ASSORTED COLOUR BIRD ORNAMENT,,,Gifts,0.1,Gift Card
536130,,HAND WARMER UNION JACK,4.0,,Seasonal,0.0,Credit Card
536164,13879.0,SET OF 3 CAKE TINS PANTRY DESIGN,,,Kitchen,0.0,Gift Card
536205,,SET OF 3 CAKE TINS PANTRY DESIGN,,not_a_price,Kitchen,0.0,Credit Card
536497,,HAND WARMER UNION JACK,,,Seasonal,0.0,PayPal
536260,16655.0,WHITE METAL LANTERN,,,Lighting,0.0,Credit Card
536492,,CREAM CUPID HEARTS COAT HANGER,,,Home Decor,0.09,Credit Card
536486,15915.0,WHITE HANGING HEART T-LIGHT HOLDER,,,Home Decor,0.0,Gift Card
536295,,CREAM CUPID HEARTS COAT HANGER,,1.77,Home Decor,0.0,Gift Card
536199,15270.0,ASSORTED COLOUR BIRD ORNAMENT,,not_a_price,Gifts,0.09,Gift Card
536052,,REGENCY CAKESTAND 3 TIER,3.0,not_a_price,Kitchen,0.0,PayPal
536392,,PACK OF 72 RETROSPOT CAKE CASES,,,Party Supplies,0.0,Gift Card
536445,,WHITE METAL LANTERN,,1.29,Lighting,0.0,PayPal
536192,17587.0,ASSORTED COLOUR BIRD ORNAMENT,,3.45,Gifts,0.07,Gift Card
536436,,JUMBO BAG PINK POLKADOT,,not_a_price,Storage,0.16,Gift Card
536083,17397.0,CREAM CUPID HEARTS COAT HANGER,8.0,not_a_price,Home Decor,0.0,Bank Transfer
536191,,GLASS STAR FROSTED T-LIGHT HOLDER,,,Lighting,0.0,Gift Card
536499,15569.0,PACK OF 72 RETROSPOT CAKE CASES,,3.79,Party Supplies,0.02,Gift Card
536316,16023.0,JUMBO BAG PINK POLKADOT,3.0,not_a_price,Storage,0.09,Credit Card
536141,,JUMBO BAG PINK POLKADOT,7.0,,Storage,0.1,Credit Card
536064,,ASSORTED COLOUR BIRD ORNAMENT,,not_a_price,Gifts,0.0,Bank Transfer
536498,,WHITE METAL LANTERN,,3.57,Lighting,0.01,Credit Card
536295,,ASSORTED COLOUR BIRD ORNAMENT,4.0,,Gifts,0.26,Gift Card
536410,,PACK OF 72 RETROSPOT CAKE CASES,7.0,not_a_price,Party Supplies,0.0,Bank Transfer
536370,,CREAM CUPID HEARTS COAT HANGER,,not_a_price,Home Decor,0.11,Bank Transfer
536420,,ASSORTED COLOUR BIRD ORNAMENT,5.0,not_a_price,Gifts,0.0,PayPal
536348,,ASSORTED COLOUR BIRD ORNAMENT,,1.44,Gifts,0.1,Bank Transfer
536277,14704.0,JUMBO BAG PINK POLKADOT,,2.68,Storage,0.0,Credit Card
536044,,WHITE METAL LANTERN,,,Lighting,0.0,Gift Card
536187,,WHITE METAL LANTERN,,2.96,Lighting,0.12,Gift Card
536450,13932.0,ASSORTED COLOUR BIRD ORNAMENT,1.0,,Gifts,0.0,Credit Card
536008,,SET OF 3 CAKE TINS PANTRY DESIGN,,not_a_price,Kitchen,0.12,Credit Card
536469,,ASSORTED COLOUR BIRD ORNAMENT,,,Gifts,0.16,Gift Card
536279,14011.0,HAND WARMER UNION JACK,2.0,4.73,Seasonal,0.0,PayPal
536233,17416.0,WHITE METAL LANTERN,,,Lighting,0.0,Credit Card
536004,17158.0,WHITE METAL LANTERN,,2.98,Lighting,0.13,Credit Card
536125,15809.0,JUMBO BAG PINK POLKADOT,9.0,,Storage,0.0,Gift Card
536355,,JUMBO BAG PINK POLKADOT,,,Storage,0.04,Credit Card
536218,17553.0,WHITE METAL LANTERN,9.0,,Lighting,0.0,Bank Transfer
536465,,JUMBO BAG PINK POLKADOT,,1.59,Storage,0.0,Bank Transfer
536273,,WHITE METAL LANTERN,,not_a_price,Lighting,0.0,Bank Transfer
536210,,SET OF 3 CAKE TINS PANTRY DESIGN,,,Kitchen,0.0,PayPal
536051,13534.0,WHITE HANGING HEART T-LIGHT HOLDER,3.0,,Home Decor,0.0,Credit Card
536019,,ASSORTED COLOUR BIRD ORNAMENT,5.0,,Gifts,0.0,Gift Card
536430,,SET OF 3 CAKE TINS PANTRY DESIGN,,,Kitchen,0.0,PayPal
536262,,HAND WARMER UNION JACK,,,Seasonal,0.06,Credit Card
536190,17846.0,CREAM CUPID HEARTS COAT HANGER,,1.71,Home Decor,0.24,PayPal
536481,12472.0,ASSORTED COLOUR BIRD ORNAMENT,,,Gifts,0.0,Bank Transfer
536332,,JUMBO BAG PINK POLKADOT,,3.23,Storage,0.0,PayPal
536350,,REGENCY CAKESTAND 3 TIER,,,Kitchen,0.0,Bank Transfer
536008,,PACK OF 72 RETROSPOT CAKE CASES,3.0,,Party Supplies,0.0,Bank Transfer
536045,12703.0,WHITE METAL LANTERN,2.0,,Lighting,0.0,PayPal
536330,12827.0,SET OF 3 CAKE TINS PANTRY DESIGN,,,Kitchen,0.0,Credit Card
536020,,PACK OF 72 RETROSPOT CAKE CASES,,,Party Supplies,0.06,PayPal
536289,,REGENCY CAKESTAND 3 TIER,,,Kitchen,0.05,Credit Card
536025,17692.0,WHITE HANGING HEART T-LIGHT HOLDER,,1.98,Home Decor,0.0,Credit Card
536120,,HAND WARMER UNION JACK,1.0,,Seasonal,0.0,PayPal
536356,13060.0,HAND WARMER UNION JACK,3.0,,Seasonal,0.03,Bank Transfer
536082,16266.0,ASSORTED COLOUR BIRD ORNAMENT,9.0,not_a_price,Gifts,0.0,Bank Transfer
536345,,REGENCY CAKESTAND 3 TIER,,not_a_price,Kitchen,0.26,PayPal
536305,,ASSORTED COLOUR BIRD ORNAMENT,2.0,3.74,Gifts,0.0,Gift Card
536039,,HAND WARMER UNION JACK,,,Seasonal,0.13,Gift Card
536079,,PACK OF 72 RETROSPOT CAKE CASES,,,Party Supplies,0.0,Gift Card
536145,16943.0,HAND WARMER UNION JACK,,not_a_price,Seasonal,0.18,PayPal
536194,,ASSORTED COLOUR BIRD ORNAMENT,4.0,not_a_price,Gifts,0.0,PayPal
536015,,REGENCY CAKESTAND 3 TIER,,,Kitchen,0.0,PayPal
536411,,SET OF 3 CAKE TINS PANTRY DESIGN,6.0,not_a_price,Kitchen,0.0,Bank Transfer
536299,,ASSORTED COLOUR BIRD ORNAMENT,,,Gifts,0.0,Credit Card
536170,,WHITE HANGING HEART T-LIGHT HOLDER,,,Home Decor,0.0,Credit Card
536004,17194.0,HAND WARMER UNION JACK,,not_a_price,Seasonal,0.2,Gift Card
536194,,GLASS STAR FROSTED T-LIGHT HOLDER,2.0,not_a_price,Lighting,0.04,Bank Transfer
536078,,WHITE METAL LANTERN,,,Lighting,0.26,PayPal
536141,,PACK OF 72 RETROSPOT CAKE CASES,,not_a_price,Party Supplies,0.04,Credit Card
536015,15731.0,REGENCY CAKESTAND 3 TIER,2.0,4.4,Kitchen,0.1,Credit Card
536043,13100.0,ASSORTED COLOUR BIRD ORNAMENT,,,Gifts,0.0,Gift Card
536371,16042.0,REGENCY CAKESTAND 3 TIER,8.0,4.68,Kitchen,0.0,Credit Card
536490,14602.0,HAND WARMER UNION JACK,5.0,2.97,Seasonal,0.1,PayPal
536374,,ASSORTED COLOUR BIRD ORNAMENT,,,Gifts,0.0,PayPal
536119,,WHITE HANGING HEART T-LIGHT HOLDER,1.0,,Home Decor,0.04,PayPal
536110,15872.0,SET OF 3 CAKE TINS PANTRY DESIGN,,not_a_price,Kitchen,0.0,PayPal
536349,,WHITE METAL LANTERN,,,Lighting,0.0,Credit Card
536293,13265.0,CREAM CUPID HEARTS COAT HANGER,7.0,,Home Decor,0.16,Gift Card
536440,,ASSORTED COLOUR BIRD ORNAMENT,,,Gifts,0.26,Bank Transfer
536155,,GLASS STAR FROSTED T-LIGHT HOLDER,,,Lighting,0.06,Gift Card
536473,,SET OF 3 CAKE TINS PANTRY DESIGN,,4.02,Kitchen,0.0,Credit Card
536185,,WHITE METAL LANTERN,,,Lighting,0.0,PayPal
536472,,HAND WARMER UNION JACK,8.0,2.19,Seasonal,0.0,Bank Transfer
536010,16860.0,WHITE HANGING HEART T-LIGHT HOLDER,,4.83,Home Decor,0.0,Gift Card
536010,,PACK OF 72 RETROSPOT CAKE CASES,,,Party Supplies,0.14,PayPal
536287,,WHITE METAL LANTERN,,1.05,Lighting,0.01,Bank Transfer
536126,12102.0,WHITE HANGING HEART T-LIGHT HOLDER,,,Home Decor,0.0,Credit Card
536254,,REGENCY CAKESTAND 3 TIER,2.0,,Kitchen,0.0,Bank Transfer
536293,,PACK OF 72 RETROSPOT CAKE CASES,7.0,3.07,Party Supplies,0.0,PayPal
536376,,REGENCY CAKESTAND 3 TIER,,,Kitchen,0.0,Credit Card
536399,,WHITE HANGING HEART T-LIGHT HOLDER,,,Home Decor,0.0,Credit Card
536295,,CREAM CUPID HEARTS COAT HANGER,,,Home Decor,0.0,Credit Card
536483,15096.0,ASSORTED COLOUR BIRD ORNAMENT,,not_a_price,Gifts,0.28,Bank Transfer
536358,,PACK OF 72 RETROSPOT CAKE CASES,,not_a_price,Party Supplies,0.04,PayPal
536383,12836.0,HAND WARMER UNION JACK,,,Seasonal,0.18,Gift Card
536268,15490.0,WHITE METAL LANTERN,2.0,not_a_price,Lighting,0.0,Gift Card
536479,,HAND WARMER UNION JACK,,,Seasonal,0.23,Credit Card
536279,17638.0,REGENCY CAKESTAND 3 TIER,9.0,,Kitchen,0.0,Credit Card
536161,16571.0,HAND WARMER UNION JACK,,not_a_price,Seasonal,0.0,Gift Card
536091,,ASSORTED COLOUR BIRD ORNAMENT,,3.22,Gifts,0.0,Bank Transfer
536156,12479.0,SET OF 3 CAKE TINS PANTRY DESIGN,,,Kitchen,0.0,Credit Card
536202,,SET OF 3 CAKE TINS PANTRY DESIGN,,,Kitchen,0.23,PayPal
536297,17557.0,HAND WARMER UNION JACK,,not_a_price,Seasonal,0.01,Gift Card
536100,,HAND WARMER UNION JACK,2.0,2.82,Seasonal,0.25,Credit Card
536282,16364.0,PACK OF 72 RETROSPOT CAKE CASES,,not_a_price,Party Supplies,0.0,PayPal
536364,,WHITE METAL LANTERN,,not_a_price,Lighting,0.11,Gift Card
536138,,WHITE METAL LANTERN,6.0,3.36,Lighting,0.06,PayPal
536232,,SET OF 3 CAKE TINS PANTRY DESIGN,,not_a_price,Kitchen,0.0,Credit Card
536356,15084.0,WHITE HANGING HEART T-LIGHT HOLDER,10.0,not_a_price,Home Decor,0.15,Credit Card
536398,15246.0,REGENCY CAKESTAND 3 TIER,7.0,,Kitchen,0.0,Bank Transfer
536367,,PACK OF 72 RETROSPOT CAKE CASES,3.0,3.18,Party Supplies,0.0,PayPal
536316,,SET OF 3 CAKE TINS PANTRY DESIGN,,,Kitchen,0.26,PayPal
536124,,WHITE METAL LANTERN,,,Lighting,0.0,Gift Card
536408,,WHITE HANGING HEART T-LIGHT HOLDER,,1.19,Home Decor,0.0,Gift Card
536443,,GLASS STAR FROSTED T-LIGHT HOLDER,,,Lighting,0.0,Credit Card
536477,15809.0,REGENCY CAKESTAND 3 TIER,,,Kitchen,0.24,PayPal
536220,,ASSORTED COLOUR BIRD ORNAMENT,6.0,not_a_price,Gifts,0.0,Bank Transfer
536032,15536.0,PACK OF 72 RETROSPOT CAKE CASES,2.0,,Party Supplies,0.0,Gift Card
536010,,HAND WARMER UNION JACK,,not_a_price,Seasonal,0.0,Bank Transfer
536464,,PACK OF 72 RETROSPOT CAKE CASES,,,Party Supplies,0.11,PayPal
536029,,SET OF 3 CAKE TINS PANTRY DESIGN,,4.01,Kitchen,0.07,Credit Card
536028,,WHITE METAL LANTERN,,3.41,Lighting,0.09,Credit Card
536098,13404.0,WHITE HANGING HEART T-LIGHT HOLDER,3.0,,Home Decor,0.0,Bank Transfer
536402,,SET OF 3 CAKE TINS PANTRY DESIGN,4.0,,Kitchen,0.29,Bank Transfer
536443,,WHITE HANGING HEART T-LIGHT HOLDER,,,Home Decor,0.0,PayPal
536482,16959.0,CREAM CUPID HEARTS COAT HANGER,,,Home Decor,0.2,Credit Card
536459,14194.0,HAND WARMER UNION JACK,,4.08,Seasonal,0.0,Credit Card
536231,14082.0,CREAM CUPID HEARTS COAT HANGER,,4.83,Home Decor,0.25,Credit Card
536486,14091.0,WHITE HANGING HEART T-LIGHT HOLDER,,not_a_price,Home Decor,0.0,Bank Transfer
536376,,PACK OF 72 RETROSPOT CAKE CASES,,,Party Supplies,0.0,Bank Transfer
536447,14520.0,PACK OF 72 RETROSPOT CAKE CASES,,,Party Supplies,0.19,Bank Transfer
536425,,HAND WARMER UNION JACK,,1.7,Seasonal,0.13,Bank Transfer
536377,,CREAM CUPID HEARTS COAT HANGER,6.0,,Home Decor,0.07,PayPal
536006,,JUMBO BAG PINK POLKADOT,,not_a_price,Storage,0.29,Bank Transfer
536229,,REGENCY CAKESTAND 3 TIER,,,Kitchen,0.0,Gift Card
536425,14530.0,WHITE HANGING HEART T-LIGHT HOLDER,,,Home Decor,0.0,Gift Card
536301,,JUMBO BAG PINK POLKADOT,,not_a_price,Storage,0.25,PayPal
536103,,GLASS STAR FROSTED T-LIGHT HOLDER,,not_a_price,Lighting,0.0,Gift Card
536439,,WHITE METAL LANTERN,,not_a_price,Lighting,0.0,Bank Transfer
536157,14344.0,REGENCY CAKESTAND 3 TIER,,,Kitchen,0.0,Bank Transfer
536352,15943.0,REGENCY CAKESTAND 3 TIER,3.0,1.9,Kitchen,0.0,Bank Transfer
536138,,PACK OF 72 RETROSPOT CAKE CASES,,,Party Supplies,0.0,PayPal
536047,16493.0,JUMBO BAG PINK POLKADOT,10.0,,Storage,0.0,PayPal
536093,,GLASS STAR FROSTED T-LIGHT HOLDER,,,Lighting,0.0,PayPal
536324,,REGENCY CAKESTAND 3 TIER,3.0,1.46,Kitchen,0.0,Gift Card
536224,,HAND WARMER UNION JACK,,,Seasonal,0.08,PayPal
536068,,GLASS STAR FROSTED T-LIGHT HOLDER,,1.83,Lighting,0.0,PayPal
536178,,CREAM CUPID HEARTS COAT HANGER,7.0,,Home Decor,0.17,Credit Card
536321,16369.0,WHITE METAL LANTERN,,1.69,Lighting,0.13,Credit Card
536382,,CREAM CUPID HEARTS COAT HANGER,,not_a_price,Home Decor,0.12,Gift Card
536119,,WHITE METAL LANTERN,3.0,,Lighting,0.06,Gift Card
536038,,ASSORTED COLOUR BIRD ORNAMENT,4.0,1.18,Gifts,0.0,Gift Card
536088,12408.0,JUMBO BAG PINK POLKADOT,1.0,not_a_price,Storage,0.0,Bank Transfer
536349,,WHITE HANGING HEART T-LIGHT HOLDER,3.0,,Home Decor,0.0,Gift Card
536375,,JUMBO BAG PINK POLKADOT,,2.11,Storage,0.22,PayPal
536209,,WHITE METAL LANTERN,8.0,,Lighting,0.26,Gift Card
536020,16185.0,PACK OF 72 RETROSPOT CAKE CASES,8.0,not_a_price,Party Supplies,0.0,Gift Card
536070,17309.0,ASSORTED COLOUR BIRD ORNAMENT,4.0,not_a_price,Gifts,0.09,Bank Transfer
536142,,WHITE METAL LANTERN,,,Lighting,0.0,Credit Card
536481,,GLASS STAR FROSTED T-LIGHT HOLDER,4.0,1.39,Lighting,0.25,Bank Transfer
536349,,REGENCY CAKESTAND 3 TIER,,4.18,Kitchen,0.0,PayPal
536094,,GLASS STAR FROSTED T-LIGHT HOLDER,,,Lighting,0.0,PayPal
536315,,JUMBO BAG PINK POLKADOT,,,Storage,0.0,Credit Card
536130,,GLASS STAR FROSTED T-LIGHT HOLDER,2.0,,Lighting,0.01,Bank Transfer
536223,,WHITE METAL LANTERN,8.0,not_a_price,Lighting,0.0,Gift Card
536480,12280.0,GLASS STAR FROSTED T-LIGHT HOLDER,,1.72,Lighting,0.11,Gift Card
536127,13976.0,PACK OF 72 RETROSPOT CAKE CASES,,,Party Supplies,0.0,Credit Card
536251,12181.0,HAND WARMER UNION JACK,7.0,,Seasonal,0.01,Gift Card
536021,,CREAM CUPID HEARTS COAT HANGER,,not_a_price,Home Decor,0.0,Gift Card
536325,,CREAM CUPID HEARTS COAT HANGER,,not_a_price,Home Decor,0.0,Bank Transfer
536305,,WHITE METAL LANTERN,,,Lighting,0.0,Bank Transfer
536273,,GLASS STAR FROSTED T-LIGHT HOLDER,6.0,not_a_price,Lighting,0.08,Gift Card
536114,,CREAM CUPID HEARTS COAT HANGER,2.0,4.63,Home Decor,0.0,Bank Transfer
536427,,WHITE METAL LANTERN,2.0,,Lighting,0.0,Bank Transfer
536275,,WHITE METAL LANTERN,,,Lighting,0.0,Gift Card
536284,16652.0,CREAM CUPID HEARTS COAT HANGER,,,Home Decor,0.0,PayPal
536408,,REGENCY CAKESTAND 3 TIER,,,Kitchen,0.0,Gift Card
536484,14863.0,GLASS STAR FROSTED T-LIGHT HOLDER,5.0,,Lighting,0.0,Credit Card
536297,17615.0,GLASS STAR FROSTED T-LIGHT HOLDER,1.0,1.07,Lighting,0.08,Bank Transfer
536070,16065.0,REGENCY CAKESTAND 3 TIER,,,Kitchen,0.19,Credit Card
536154,,GLASS STAR FROSTED T-LIGHT HOLDER,,not_a_price,Lighting,0.0,PayPal
536135,,HAND WARMER UNION JACK,,,Seasonal,0.22,Credit Card
536337,,WHITE METAL LANTERN,,,Lighting,0.2,Credit Card
536058,,JUMBO BAG PINK POLKADOT,4.0,not_a_price,Storage,0.0,Credit Card
536450,17254.0,PACK OF 72 RETROSPOT CAKE CASES,,not_a_price,Party Supplies,0.0,Credit Card
536343,,ASSORTED COLOUR BIRD ORNAMENT,,,Gifts,0.23,Gift Card
536415,,HAND WARMER UNION JACK,,3.48,Seasonal,0.06,Gift Card
536158,,SET OF 3 CAKE TINS PANTRY DESIGN,,,Kitchen,0.0,Credit Card
536022,,WHITE METAL LANTERN,5.0,,Lighting,0.2,Gift Card
536025,,WHITE HANGING HEART T-LIGHT HOLDER,9.0,,Home Decor,0.24,PayPal
536368,14176.0,CREAM CUPID HEARTS COAT HANGER,,not_a_price,Home Decor,0.03,Gift Card
536087,,SET OF 3 CAKE TINS PANTRY DESIGN,10.0,not_a_price,Kitchen,0.0,Bank Transfer
536474,,REGENCY CAKESTAND 3 TIER,,,Kitchen,0.0,Bank Transfer
536000,,JUMBO BAG PINK POLKADOT,,2.05,Storage,0.0,Bank Transfer
536434,,GLASS STAR FROSTED T-LIGHT HOLDER,9.0,,Lighting,0.14,Credit Card
536086,16026.0,PACK OF 72 RETROSPOT CAKE CASES,1.0,,Party Supplies,0.0,PayPal
536135,,SET OF 3 CAKE TINS PANTRY DESIGN,1.0,,Kitchen,0.07,Bank Transfer
536253,,PACK OF 72 RETROSPOT CAKE CASES,,2.87,Party Supplies,0.24,PayPal
536310,,SET OF 3 CAKE TINS PANTRY DESIGN,,2.64,Kitchen,0.0,PayPal
536201,,GLASS STAR FROSTED T-LIGHT HOLDER,8.0,,Lighting,0.0,PayPal
536104,,CREAM CUPID HEARTS COAT HANGER,10.0,4.45,Home Decor,0.27,Bank Transfer
536063,14469.0,ASSORTED COLOUR BIRD ORNAMENT,,,Gifts,0.0,Gift Card
536442,,WHITE METAL LANTERN,,,Lighting,0.0,PayPal
536426,,REGENCY CAKESTAND 3 TIER,5.0,not_a_price,Kitchen,0.01,Bank Transfer
536033,,JUMBO BAG PINK POLKADOT,9.0,1.76,Storage,0.0,Bank Transfer
536100,,ASSORTED COLOUR BIRD ORNAMENT,9.0,,Gifts,0.0,PayPal
536091,,GLASS STAR FROSTED T-LIGHT HOLDER,7.0,,Lighting,0.0,Credit Card
536332,,JUMBO BAG PINK POLKADOT,,,Storage,0.0,Credit Card
536300,,SET OF 3 CAKE TINS PANTRY DESIGN,,,Kitchen,0.27,Gift Card
536183,,ASSORTED COLOUR BIRD ORNAMENT,7.0,3.26,Gifts,0.02,Gift Card
536213,14198.0,WHITE METAL LANTERN,9.0,,Lighting,0.0,Credit Card
536430,,WHITE METAL LANTERN,,,Lighting,0.03,Bank Transfer
536462,,JUMBO BAG PINK POLKADOT,,not_a_price,Storage,0.0,Gift Card
536262,17628.0,PACK OF 72 RETROSPOT CAKE CASES,5.0,,Party Supplies,0.0,Gift Card
536007,,HAND WARMER UNION JACK,9.0,not_a_price,Seasonal,0.0,Bank Transfer
536075,15751.0,WHITE HANGING HEART T-LIGHT HOLDER,,not_a_price,Home Decor,0.26,PayPal
536040,,GLASS STAR FROSTED T-LIGHT HOLDER,,,Lighting,0.0,Gift Card
536093,,PACK OF 72 RETROSPOT CAKE CASES,4.0,not_a_price,Party Supplies,0.0,PayPal
536394,,JUMBO BAG PINK POLKADOT,,not_a_price,Storage,0.04,PayPal
536106,15242.0,WHITE HANGING HEART T-LIGHT HOLDER,,3.39,Home Decor,0.21,PayPal
536409,12640.0,REGENCY CAKESTAND 3 TIER,,not_a_price,Kitchen,0.03,PayPal
536412,16861.0,CREAM CUPID HEARTS COAT HANGER,,not_a_price,Home Decor,0.02,Credit Card
536147,,SET OF 3 CAKE TINS PANTRY DESIGN,1.0,,Kitchen,0.02,Gift Card
536391,,CREAM CUPID HEARTS COAT HANGER,,3.63,Home Decor,0.18,Credit Card
536131,,JUMBO BAG PINK POLKADOT,,,Storage,0.0,PayPal
536266,,GLASS STAR FROSTED T-LIGHT HOLDER,,not_a_price,Lighting,0.0,Credit Card
536338,16656.0,WHITE HANGING HEART T-LIGHT HOLDER,8.0,,Home Decor,0.0,Credit Card
536416,17062.0,JUMBO BAG PINK POLKADOT,,not_a_price,Storage,0.0,Credit Card
536420,,HAND WARMER UNION JACK,9.0,not_a_price,Seasonal,0.0,Credit Card
536034,14905.0,JUMBO BAG PINK POLKADOT,,1.85,Storage,0.0,Bank Transfer
536417,,CREAM CUPID HEARTS COAT HANGER,6.0,not_a_price,Home Decor,0.25,Credit Card
536174,,HAND WARMER UNION JACK,3.0,,Seasonal,0.16,Credit Card
536260,,JUMBO BAG PINK POLKADOT,3.0,,Storage,0.0,PayPal
536291,,REGENCY CAKESTAND 3 TIER,9.0,not_a_price,Kitchen,0.0,Gift Card
536232,,ASSORTED COLOUR BIRD ORNAMENT,,,Gifts,0.17,PayPal
536166,,CREAM CUPID HEARTS COAT HANGER,,4.65,Home Decor,0.0,Gift Card
536500,12859.0,HAND WARMER UNION JACK,3.0,,Seasonal,0.12,PayPal
536488,12941.0,PACK OF 72 RETROSPOT CAKE CASES,9.0,not_a_price,Party Supplies,0.0,Bank Transfer
536405,,REGENCY CAKESTAND 3 TIER,,not_a_price,Kitchen,0.0,Bank Transfer
536340,16594.0,CREAM CUPID HEARTS COAT HANGER,,,Home Decor,0.0,Bank Transfer
536327,,ASSORTED COLOUR BIRD ORNAMENT,7.0,1.66,Gifts,0.0,PayPal
536337,,WHITE METAL LANTERN,,1.75,Lighting,0.24,Bank Transfer
536340,17588.0,SET OF 3 CAKE TINS PANTRY DESIGN,,2.63,Kitchen,0.15,PayPal
536170,,ASSORTED COLOUR BIRD ORNAMENT,9.0,,Gifts,0.18,Credit Card
536425,,HAND WARMER UNION JACK,,,Seasonal,0.0,Bank Transfer
536160,,HAND WARMER UNION JACK,6.0,not_a_price,Seasonal,0.0,PayPal
536197,,CREAM CUPID HEARTS COAT HANGER,,not_a_price,Home Decor,0.0,Gift Card
536212,,GLASS STAR FROSTED T-LIGHT HOLDER,,2.81,Lighting,0.03,PayPal
536196,,GLASS STAR FROSTED T-LIGHT HOLDER,,,Lighting,0.15,PayPal
536323,14633.0,PACK OF 72 RETROSPOT CAKE CASES,,,Party Supplies,0.05,Credit Card
536031,,WHITE METAL LANTERN,10.0,,Lighting,0.0,Gift Card
536225,,HAND WARMER UNION JACK,,,Seasonal,0.18,Gift Card
536474,,JUMBO BAG PINK POLKADOT,8.0,not_a_price,Storage,0.0,PayPal
536066,,CREAM CUPID HEARTS COAT HANGER,,4.12,Home Decor,0.13,Gift Card
536317,12217.0,SET OF 3 CAKE TINS PANTRY DESIGN,,,Kitchen,0.0,Bank Transfer
536051,13122.0,REGENCY CAKESTAND 3 TIER,9.0,,Kitchen,0.0,Gift Card
536036,,CREAM CUPID HEARTS COAT HANGER,,,Home Decor,0.0,PayPal
536364,16128.0,WHITE METAL LANTERN,10.0,,Lighting,0.01,PayPal
536212,16557.0,ASSORTED COLOUR BIRD ORNAMENT,,,Gifts,0.06,Gift Card
536328,,SET OF 3 CAKE TINS PANTRY DESIGN,,,Kitchen,0.0,Bank Transfer
536133,,HAND WARMER UNION JACK,,,Seasonal,0.0,Gift Card
536405,16537.0,SET OF 3 CAKE TINS PANTRY DESIGN,,not_a_price,Kitchen,0.0,PayPal
536236,,GLASS STAR FROSTED T-LIGHT HOLDER,,,Lighting,0.0,Credit Card
536054,,HAND WARMER UNION JACK,,not_a_price,Seasonal,0.15,Bank Transfer
536312,14882.0,PACK OF 72 RETROSPOT CAKE CASES,,,Party Supplies,0.0,Gift Card
536163,14485.0,SET OF 3 CAKE TINS PANTRY DESIGN,5.0,,Kitchen,0.15,Credit Card
536208,,ASSORTED COLOUR BIRD ORNAMENT,,,Gifts,0.2,Gift Card
536381,,JUMBO BAG PINK POLKADOT,,not_a_price,Storage,0.09,Gift Card
536393,,PACK OF 72 RETROSPOT CAKE CASES,,,Party Supplies,0.21,PayPal
536393,16374.0,ASSORTED COLOUR BIRD ORNAMENT,,not_a_price,Gifts,0.0,PayPal
536371,,HAND WARMER UNION JACK,3.0,,Seasonal,0.06,Bank Transfer
536112,,REGENCY CAKESTAND 3 TIER,,,Kitchen,0.13,Gift Card
536265,16662.0,SET OF 3 CAKE TINS PANTRY DESIGN,,not_a_price,Kitchen,0.0,PayPal
536348,,ASSORTED COLOUR BIRD ORNAMENT,,,Gifts,0.24,Bank Transfer
536028,,CREAM CUPID HEARTS COAT HANGER,7.0,1.55,Home Decor,0.0,Bank Transfer
536086,,CREAM CUPID HEARTS COAT HANGER,,4.32,Home Decor,0.0,Bank Transfer
536236,,WHITE METAL LANTERN,,,Lighting,0.23,Bank Transfer
536494,,GLASS STAR FROSTED T-LIGHT HOLDER,,,Lighting,0.2,Gift Card
536398,,HAND WARMER UNION JACK,6.0,not_a_price,Seasonal,0.0,Bank Transfer
536421,,ASSORTED COLOUR BIRD ORNAMENT,,4.58,Gifts,0.21,Gift Card
536220,,SET OF 3 CAKE TINS PANTRY DESIGN,,,Kitchen,0.1,Gift Card
536001,15240.0,REGENCY CAKESTAND 3 TIER,,,Kitchen,0.0,Credit Card
536294,12496.0,CREAM CUPID HEARTS COAT HANGER,,,Home Decor,0.0,Bank Transfer
536380,,WHITE METAL LANTERN,3.0,3.49,Lighting,0.25,Credit Card
536332,,JUMBO BAG PINK POLKADOT,1.0,not_a_price,Storage,0.0,PayPal
536034,,GLASS STAR FROSTED T-LIGHT HOLDER,7.0,,Lighting,0.27,Credit Card
536163,,PACK OF 72 RETROSPOT CAKE CASES,4.0,,Party Supplies,0.0,Credit Card
536281,16321.0,WHITE HANGING HEART T-LIGHT HOLDER,,,Home Decor,0.0,PayPal
536224,,CREAM CUPID HEARTS COAT HANGER,,,Home Decor,0.0,PayPal
536057,,WHITE METAL LANTERN,7.0,4.87,Lighting,0.0,Bank Transfer
536477,,REGENCY CAKESTAND 3 TIER,3.0,not_a_price,Kitchen,0.0,Gift Card
536367,,GLASS STAR FROSTED T-LIGHT HOLDER,3.0,,Lighting,0.09,Credit Card
536322,,JUMBO BAG PINK POLKADOT,,,Storage,0.0,Gift Card
536276,13736.0,JUMBO BAG PINK POLKADOT,8.0,not_a_price,Storage,0.17,PayPal
536285,,SET OF 3 CAKE TINS PANTRY DESIGN,,not_a_price,Kitchen,0.0,Credit Card
536051,,REGENCY CAKESTAND 3 TIER,8.0,not_a_price,Kitchen,0.0,PayPal
536232,,SET OF 3 CAKE TINS PANTRY DESIGN,,3.49,Kitchen,0.2,Bank Transfer
536053,,GLASS STAR FROSTED T-LIGHT HOLDER,1.0,,Lighting,0.0,Gift Card
536001,17574.0,PACK OF 72 RETROSPOT CAKE CASES,,not_a_price,Party Supplies,0.0,Bank Transfer
536439,,JUMBO BAG PINK POLKADOT,,,Storage,0.17,Bank Transfer
536013,,HAND WARMER UNION JACK,5.0,not_a_price,Seasonal,0.28,Bank Transfer
536375,,GLASS STAR FROSTED T-LIGHT HOLDER,1.0,not_a_price,Lighting,0.0,Gift Card
536359,17430.0,ASSORTED COLOUR BIRD ORNAMENT,,,Gifts,0.0,PayPal
536023,,WHITE HANGING HEART T-LIGHT HOLDER,7.0,not_a_price,Home Decor,0.0,Gift Card
536316,14313.0,HAND WARMER UNION JACK,6.0,,Seasonal,0.0,Gift Card
536460,,GLASS STAR FROSTED T-LIGHT HOLDER,,,Lighting,0.0,Credit Card
536097,,SET OF 3 CAKE TINS PANTRY DESIGN,5.0,not_a_price,Kitchen,0.0,Credit Card
536356,14300.0,JUMBO BAG PINK POLKADOT,,,Storage,0.0,Credit Card
536139,,WHITE HANGING HEART T-LIGHT HOLDER,1.0,,Home Decor,0.0,PayPal
536047,,SET OF 3 CAKE TINS PANTRY DESIGN,,not_a_price,Kitchen,0.0,Credit Card
536286,16317.0,JUMBO BAG PINK POLKADOT,1.0,,Storage,0.16,Credit Card
536252,15997.0,PACK OF 72 RETROSPOT CAKE CASES,4.0,,Party Supplies,0.08,Bank Transfer
536184,,PACK OF 72 RETROSPOT CAKE CASES,,4.58,Party Supplies,0.0,PayPal
536364,,PACK OF 72 RETROSPOT CAKE CASES,5.0,not_a_price,Party Supplies,0.0,PayPal
536142,15580.0,ASSORTED COLOUR BIRD ORNAMENT,3.0,,Gifts,0.19,PayPal
536337,16362.0,REGENCY CAKESTAND 3 TIER,,2.87,Kitchen,0.0,PayPal
536130,,HAND WARMER UNION JACK,,,Seasonal,0.02,Credit Card
536345,,JUMBO BAG PINK POLKADOT,,not_a_price,Storage,0.0,Credit Card
536001,13455.0,HAND WARMER UNION JACK,,,Seasonal,0.0,Bank Transfer
536308,,SET OF 3 CAKE TINS PANTRY DESIGN,9.0,,Kitchen,0.22,Bank Transfer
536058,,ASSORTED COLOUR BIRD ORNAMENT,6.0,,Gifts,0.22,Bank Transfer
536347,,GLASS STAR FROSTED T-LIGHT HOLDER,,3.35,Lighting,0.09,Gift Card
536488,,HAND WARMER UNION JACK,6.0,not_a_price,Seasonal,0.0,PayPal
536463,12638.0,WHITE METAL LANTERN,,not_a_price,Lighting,0.24,PayPal
536457,,CREAM CUPID HEARTS COAT HANGER,,2.81,Home Decor,0.24,Bank Transfer
536017,,HAND WARMER UNION JACK,,,Seasonal,0.0,Credit Card
536171,16034.0,PACK OF 72 RETROSPOT CAKE CASES,3.0,2.28,Party Supplies,0.07,PayPal
536165,,CREAM CUPID HEARTS COAT HANGER,,not_a_price,Home Decor,0.0,PayPal
536347,,SET OF 3 CAKE TINS PANTRY DESIGN,,,Kitchen,0.0,Gift Card
536160,,ASSORTED COLOUR BIRD ORNAMENT,,,Gifts,0.0,PayPal
536269,15200.0,ASSORTED COLOUR BIRD ORNAMENT,2.0,,Gifts,0.0,Bank Transfer
536310,15319.0,GLASS STAR FROSTED T-LIGHT HOLDER,7.0,3.85,Lighting,0.0,Gift Card
536140,12664.0,GLASS STAR FROSTED T-LIGHT HOLDER,4.0,1.32,Lighting,0.0,Credit Card
536045,13215.0,GLASS STAR FROSTED T-LIGHT HOLDER,,4.36,Lighting,0.04,Credit Card
536486,,HAND WARMER UNION JACK,,2.77,Seasonal,0.0,Bank Transfer
536021,,HAND WARMER UNION JACK,10.0,not_a_price,Seasonal,0.0,Gift Card
536000,,SET OF 3 CAKE TINS PANTRY DESIGN,4.0,,Kitchen,0.22,Gift Card
536219,,GLASS STAR FROSTED T-LIGHT HOLDER,,not_a_price,Lighting,0.0,Bank Transfer
536255,,HAND WARMER UNION JACK,,,Seasonal,0.0,Credit Card
536232,,REGENCY CAKESTAND 3 TIER,7.0,,Kitchen,0.0,Credit Card
536493,16095.0,REGENCY CAKESTAND 3 TIER,,not_a_price,Kitchen,0.0,Gift Card
536018,,CREAM CUPID HEARTS COAT HANGER,,not_a_price,Home Decor,0.0,Gift Card
536048,13357.0,REGENCY CAKESTAND 3 TIER,,not_a_price,Kitchen,0.0,PayPal
536273,,HAND WARMER UNION JACK,1.0,,Seasonal,0.01,Bank Transfer
536248,13157.0,SET OF 3 CAKE TINS PANTRY DESIGN,,3.58,Kitchen,0.0,PayPal
536010,,WHITE METAL LANTERN,,1.26,Lighting,0.29,PayPal
536124,12049.0,WHITE METAL LANTERN,,,Lighting,0.0,PayPal
536224,13557.0,REGENCY CAKESTAND 3 TIER,4.0,not_a_price,Kitchen,0.0,PayPal
536307,14223.0,WHITE HANGING HEART T-LIGHT HOLDER,,not_a_price,Home Decor,0.27,Credit Card
536025,,GLASS STAR FROSTED T-LIGHT HOLDER,,,Lighting,0.0,Credit Card
536218,,PACK OF 72 RETROSPOT CAKE CASES,,not_a_price,Party Supplies,0.22,Bank Transfer
536374,,CREAM CUPID HEARTS COAT HANGER,6.0,3.56,Home Decor,0.21,Bank Transfer
536111,,PACK OF 72 RETROSPOT CAKE CASES,,,Party Supplies,0.0,PayPal
536457,,JUMBO BAG PINK POLKADOT,,,Storage,0.0,PayPal
536016,,WHITE HANGING HEART T-LIGHT HOLDER,6.0,2.33,Home Decor,0.0,Credit Card
536093,,HAND WARMER UNION JACK,,,Seasonal,0.0,Gift Card
536316,,ASSORTED COLOUR BIRD ORNAMENT,9.0,,Gifts,0.0,Bank Transfer
536250,,SET OF 3 CAKE TINS PANTRY DESIGN,,,Kitchen,0.01,PayPal
536106,,CREAM CUPID HEARTS COAT HANGER,5.0,,Home Decor,0.0,Credit Card
536355,,GLASS STAR FROSTED T-LIGHT HOLDER,,,Lighting,0.0,Bank Transfer
536430,,HAND WARMER UNION JACK,,,Seasonal,0.0,Credit Card
536007,14268.0,SET OF 3 CAKE TINS PANTRY DESIGN,,not_a_price,Kitchen,0.0,Gift Card
536416,16445.0,SET OF 3 CAKE TINS PANTRY DESIGN,8.0,not_a_price,Kitchen,0.0,Bank Transfer
536379,,PACK OF 72 RETROSPOT CAKE CASES,10.0,,Party Supplies,0.24,Credit Card
536485,,SET OF 3 CAKE TINS PANTRY DESIGN,5.0,,Kitchen,0.0,Credit Card
536250,,ASSORTED COLOUR BIRD ORNAMENT,,,Gifts,0.08,Credit Card
536220,,SET OF 3 CAKE TINS PANTRY DESIGN,,,Kitchen,0.0,Credit Card
536047,,JUMBO BAG PINK POLKADOT,,,Storage,0.0,PayPal
536179,13103.0,WHITE HANGING HEART T-LIGHT HOLDER,3.0,,Home Decor,0.0,Bank Transfer
536424,,JUMBO BAG PINK POLKADOT,6.0,,Storage,0.0,Gift Card
536297,,JUMBO BAG PINK POLKADOT,6.0,2.76,Storage,0.14,Bank Transfer
536011,,WHITE HANGING HEART T-LIGHT HOLDER,3.0,3.85,Home Decor,0.0,Gift Card
536440,,JUMBO BAG PINK POLKADOT,,,Storage,0.15,PayPal
536269,,WHITE HANGING HEART T-LIGHT HOLDER,,4.72,Home Decor,0.22,Bank Transfer
536319,,HAND WARMER UNION JACK,4.0,not_a_price,Seasonal,0.26,Gift Card
536491,15705.0,SET OF 3 CAKE TINS PANTRY DESIGN,,,Kitchen,0.0,Bank Transfer
536128,16178.0,PACK OF 72 RETROSPOT CAKE CASES,,,Party Supplies,0.0,PayPal
536076,,HAND WARMER UNION JACK,,,Seasonal,0.0,Gift Card
536025,,WHITE METAL LANTERN,,,Lighting,0.03,Credit Card
536141,,SET OF 3 CAKE TINS PANTRY DESIGN,,not_a_price,Kitchen,0.0,PayPal
536195,,HAND WARMER UNION JACK,,,Seasonal,0.0,Bank Transfer
536318,13134.0,SET OF 3 CAKE TINS PANTRY DESIGN,,,Kitchen,0.12,Gift Card
536373,12519.0,WHITE HANGING HEART T-LIGHT HOLDER,4.0,4.6,Home Decor,0.0,Bank Transfer
536044,13141.0,REGENCY CAKESTAND 3 TIER,,4.79,Kitchen,0.0,PayPal
536407,15731.0,CREAM CUPID HEARTS COAT HANGER,,3.06,Home Decor,0.0,PayPal
536053,16205.0,ASSORTED COLOUR BIRD ORNAMENT,5.0,,Gifts,0.0,PayPal
536151,12207.0,JUMBO BAG PINK POLKADOT,3.0,,Storage,0.0,Credit Card
536128,17573.0,HAND WARMER UNION JACK,5.0,,Seasonal,0.0,Bank Transfer
536202,,ASSORTED COLOUR BIRD ORNAMENT,9.0,1.78,Gifts,0.0,Credit Card
536211,,GLASS STAR FROSTED T-LIGHT HOLDER,,,Lighting,0.17,Credit Card
536165,,HAND WARMER UNION JACK,,4.88,Seasonal,0.0,Gift Card
536204,,CREAM CUPID HEARTS COAT HANGER,1.0,4.54,Home Decor,0.1,Bank Transfer
536284,,PACK OF 72 RETROSPOT CAKE CASES,5.0,3.77,Party Supplies,0.19,PayPal
536208,12941.0,HAND WARMER UNION JACK,,not_a_price,Seasonal,0.0,Gift Card
536250,,SET OF 3 CAKE TINS PANTRY DESIGN,,,Kitchen,0.0,PayPal
536221,,SET OF 3 CAKE TINS PANTRY DESIGN,,,Kitchen,0.25,Gift Card
536243,,REGENCY CAKESTAND 3 TIER,,1.09,Kitchen,0.0,Gift Card
536336,,ASSORTED COLOUR BIRD ORNAMENT,1.0,,Gifts,0.06,Credit Card
536121,17511.0,SET OF 3 CAKE TINS PANTRY DESIGN,9.0,not_a_price,Kitchen,0.0,Bank Transfer
536313,,HAND WARMER UNION JACK,,,Seasonal,0.0,Gift Card
536235,13914.0,ASSORTED COLOUR BIRD ORNAMENT,,,Gifts,0.0,PayPal
536272,14951.0,PACK OF 72 RETROSPOT CAKE CASES,,,Party Supplies,0.0,Bank Transfer
536318,,HAND WARMER UNION JACK,,,Seasonal,0.03,Gift Card
536495,12071.0,JUMBO BAG PINK POLKADOT,6.0,,Storage,0.0,Gift Card
536461,,WHITE METAL LANTERN,,not_a_price,Lighting,0.13,Bank Transfer
536063,16523.0,GLASS STAR FROSTED T-LIGHT HOLDER,,not_a_price,Lighting,0.09,PayPal
536120,14843.0,GLASS STAR FROSTED T-LIGHT HOLDER,,,Lighting,0.0,Credit Card
536192,16157.0,ASSORTED COLOUR BIRD ORNAMENT,,not_a_price,Gifts,0.0,Gift Card
536487,,GLASS STAR FROSTED T-LIGHT HOLDER,,not_a_price,Lighting,0.0,Bank Transfer
536010,15693.0,GLASS STAR FROSTED T-LIGHT HOLDER,,2.54,Lighting,0.0,Credit Card
536304,,SET OF 3 CAKE TINS PANTRY DESIGN,,,Kitchen,0.0,PayPal
536223,13564.0,WHITE METAL LANTERN,2.0,not_a_price,Lighting,0.0,Credit Card
536266,13484.0,HAND WARMER UNION JACK,5.0,3.16,Seasonal,0.0,Gift Card
536341,,JUMBO BAG PINK POLKADOT,2.0,2.27,Storage,0.02,Credit Card
536146,,GLASS STAR FROSTED T-LIGHT HOLDER,,,Lighting,0.19,PayPal
536317,,REGENCY CAKESTAND 3 TIER,,not_a_price,Kitchen,0.24,PayPal
536485,,REGENCY CAKESTAND 3 TIER,,1.24,Kitchen,0.0,PayPal
536482,,WHITE HANGING HEART T-LIGHT HOLDER,5.0,,Home Decor,0.0,PayPal
536452,17385.0,JUMBO BAG PINK POLKADOT,,not_a_price,Storage,0.0,PayPal
536320,,REGENCY CAKESTAND 3 TIER,,3.68,Kitchen,0.25,PayPal
536157,,CREAM CUPID HEARTS COAT HANGER,8.0,,Home Decor,0.0,Bank Transfer
536033,,JUMBO BAG PINK POLKADOT,,,Storage,0.27,Gift Card
536015,,GLASS STAR FROSTED T-LIGHT HOLDER,7.0,3.34,Lighting,0.12,PayPal
536391,,WHITE METAL LANTERN,,,Lighting,0.02,Gift Card
536351,,CREAM CUPID HEARTS COAT HANGER,9.0,,Home Decor,0.06,Credit Card
536215,14933.0,JUMBO BAG PINK POLKADOT,,1.71,Storage,0.0,Credit Card
536447,,WHITE METAL LANTERN,3.0,2.53,Lighting,0.28,Credit Card
536417,,WHITE METAL LANTERN,,,Lighting,0.0,PayPal
536086,,WHITE HANGING HEART T-LIGHT HOLDER,,,Home Decor,0.0,PayPal
536375,17085.0,ASSORTED COLOUR BIRD ORNAMENT,9.0,,Gifts,0.2,Gift Card
536315,13831.0,CREAM CUPID HEARTS COAT HANGER,,not_a_price,Home Decor,0.2,Gift Card
536337,,PACK OF 72 RETROSPOT CAKE CASES,,not_a_price,Party Supplies,0.0,Gift Card
536132,13352.0,REGENCY CAKESTAND 3 TIER,,,Kitchen,0.0,PayPal
536365,,PACK OF 72 RETROSPOT CAKE CASES,,,Party Supplies,0.0,Bank Transfer
536041,,REGENCY CAKESTAND 3 TIER,,not_a_price,Kitchen,0.18,Bank Transfer
536117,,ASSORTED COLOUR BIRD ORNAMENT,,not_a_price,Gifts,0.22,Gift Card
536064,,HAND WARMER UNION JACK,9.0,,Seasonal,0.01,Bank Transfer
536028,,GLASS STAR FROSTED T-LIGHT HOLDER,9.0,1.39,Lighting,0.0,PayPal
536180,15744.0,ASSORTED COLOUR BIRD ORNAMENT,,1.41,Gifts,0.26,Bank Transfer
536460,12359.0,REGENCY CAKESTAND 3 TIER,,not_a_price,Kitchen,0.0,Credit Card
536475,13242.0,REGENCY CAKESTAND 3 TIER,,,Kitchen,0.0,Credit Card
536154,,HAND WARMER UNION JACK,,,Seasonal,0.0,Gift Card
536018,,GLASS STAR FROSTED T-LIGHT HOLDER,,not_a_price,Lighting,0.0,Bank Transfer
536017,17698.0,SET OF 3 CAKE TINS PANTRY DESIGN,,4.13,Kitchen,0.07,Bank Transfer
536103,,SET OF 3 CAKE TINS PANTRY DESIGN,,not_a_price,Kitchen,0.0,Credit Card
536181,15422.0,GLASS STAR FROSTED T-LIGHT HOLDER,,1.14,Lighting,0.0,PayPal
536367,,ASSORTED COLOUR BIRD ORNAMENT,,4.01,Gifts,0.0,PayPal
536085,,GLASS STAR FROSTED T-LIGHT HOLDER,6.0,3.4,Lighting,0.0,Bank Transfer
536387,15742.0,CREAM CUPID HEARTS COAT HANGER,,1.48,Home Decor,0.0,PayPal
536333,,PACK OF 72 RETROSPOT CAKE CASES,6.0,1.73,Party Supplies,0.02,Bank Transfer
536112,,HAND WARMER UNION JACK,,,Seasonal,0.0,Gift Card
536098,,REGENCY CAKESTAND 3 TIER,,,Kitchen,0.02,Gift Card
536184,,GLASS STAR FROSTED T-LIGHT HOLDER,,,Lighting,0.0,Gift Card
536498,,HAND WARMER UNION JACK,,,Seasonal,0.0,Credit Card
536462,13868.0,GLASS STAR FROSTED T-LIGHT HOLDER,5.0,not_a_price,Lighting,0.0,Bank Transfer
536111,,ASSORTED COLOUR BIRD ORNAMENT,,not_a_price,Gifts,0.02,Credit Card
536456,,PACK OF 72 RETROSPOT CAKE CASES,3.0,,Party Supplies,0.0,Credit Card
536354,,WHITE HANGING HEART T-LIGHT HOLDER,,2.47,Home Decor,0.16,Bank Transfer
536220,,WHITE METAL LANTERN,,,Lighting,0.0,Credit Card
536492,,GLASS STAR FROSTED T-LIGHT HOLDER,4.0,,Lighting,0.0,Credit Card
536303,,SET OF 3 CAKE TINS PANTRY DESIGN,9.0,,Kitchen,0.0,Gift Card
536199,16468.0,REGENCY CAKESTAND 3 TIER,,,Kitchen,0.21,Credit Card
536133,,GLASS STAR FROSTED T-LIGHT HOLDER,,,Lighting,0.0,Gift Card
536017,15476.0,WHITE HANGING HEART T-LIGHT HOLDER,,2.94,Home Decor,0.0,Bank Transfer
536257,,SET OF 3 CAKE TINS PANTRY DESIGN,2.0,4.26,Kitchen,0.28,Bank Transfer
536217,17444.0,HAND WARMER UNION JACK,,,Seasonal,0.3,Credit Card
536384,13705.0,SET OF 3 CAKE TINS PANTRY DESIGN,2.0,,Kitchen,0.0,Gift Card
536487,,WHITE METAL LANTERN,,,Lighting,0.02,Gift Card
536399,17213.0,GLASS STAR FROSTED T-LIGHT HOLDER,,,Lighting,0.13,PayPal
536024,,PACK OF 72 RETROSPOT CAKE CASES,,not_a_price,Party Supplies,0.0,Gift Card
536117,,WHITE HANGING HEART T-LIGHT HOLDER,,,Home Decor,0.0,Bank Transfer
536488,,PACK OF 72 RETROSPOT CAKE CASES,8.0,,Party Supplies,0.0,Gift Card
536329,,WHITE METAL LANTERN,7.0,,Lighting,0.0,Bank Transfer
536153,,JUMBO BAG PINK POLKADOT,3.0,not_a_price,Storage,0.0,PayPal
536028,,WHITE HANGING HEART T-LIGHT HOLDER,,,Home Decor,0.0,Gift Card
536101,14722.0,GLASS STAR FROSTED T-LIGHT HOLDER,3.0,2.5,Lighting,0.0,PayPal
536063,,GLASS STAR FROSTED T-LIGHT HOLDER,6.0,,Lighting,0.0,PayPal
536460,16386.0,JUMBO BAG PINK POLKADOT,,,Storage,0.0,Gift Card
536116,,GLASS STAR FROSTED T-LIGHT HOLDER,6.0,4.91,Lighting,0.0,Bank Transfer
536476,,ASSORTED COLOUR BIRD ORNAMENT,1.0,not_a_price,Gifts,0.0,Credit Card
536208,14823.0,CREAM CUPID HEARTS COAT HANGER,,1.63,Home Decor,0.28,Credit Card
536034,,WHITE METAL LANTERN,,2.07,Lighting,0.23,Bank Transfer
536132,,REGENCY CAKESTAND 3 TIER,2.0,,Kitchen,0.0,Credit Card
536438,,SET OF 3 CAKE TINS PANTRY DESIGN,,not_a_price,Kitchen,0.0,PayPal
536474,17048.0,ASSORTED COLOUR BIRD ORNAMENT,2.0,3.51,Gifts,0.0,Gift Card
536390,,JUMBO BAG PINK POLKADOT,5.0,,Storage,0.0,Bank Transfer
536140,,WHITE METAL LANTERN,6.0,2.44,Lighting,0.03,Credit Card
536497,,REGENCY CAKESTAND 3 TIER,,3.47,Kitchen,0.0,Bank Transfer
536282,,JUMBO BAG PINK POLKADOT,,not_a_price,Storage,0.0,Bank Transfer
536403,,WHITE HANGING HEART T-LIGHT HOLDER,3.0,1.14,Home Decor,0.0,Credit Card
536367,,ASSORTED COLOUR BIRD ORNAMENT,,,Gifts,0.0,Bank Transfer
536129,16486.0,GLASS STAR FROSTED T-LIGHT HOLDER,,2.06,Lighting,0.07,Credit Card
536264,17622.0,GLASS STAR FROSTED T-LIGHT HOLDER,,3.5,Lighting,0.0,PayPal
536040,14089.0,ASSORTED COLOUR BIRD ORNAMENT,6.0,not_a_price,Gifts,0.0,PayPal
536113,,HAND WARMER UNION JACK,6.0,,Seasonal,0.0,Credit Card
536394,,CREAM CUPID HEARTS COAT HANGER,6.0,,Home Decor,0.0,Gift Card
536026,12122.0,CREAM CUPID HEARTS COAT HANGER,4.0,,Home Decor,0.28,Credit Card
536386,16587.0,GLASS STAR FROSTED T-LIGHT HOLDER,,,Lighting,0.0,Gift Card
536154,,REGENCY CAKESTAND 3 TIER,,not_a_price,Kitchen,0.0,Credit Card
536461,,CREAM CUPID HEARTS COAT HANGER,8.0,4.38,Home Decor,0.0,PayPal
536366,,GLASS STAR FROSTED T-LIGHT HOLDER,6.0,,Lighting,0.0,Credit Card
536237,,REGENCY CAKESTAND 3 TIER,,,Kitchen,0.05,Gift Card
536357,,REGENCY CAKESTAND 3 TIER,,not_a_price,Kitchen,0.09,Gift Card
536257,,ASSORTED COLOUR BIRD ORNAMENT,3.0,not_a_price,Gifts,0.0,Gift Card
536035,,PACK OF 72 RETROSPOT CAKE CASES,,,Party Supplies,0.25,PayPal
536395,12562.0,WHITE METAL LANTERN,,not_a_price,Lighting,0.0,Bank Transfer
536151,,GLASS STAR FROSTED T-LIGHT HOLDER,,,Lighting,0.02,PayPal
536225,,REGENCY CAKESTAND 3 TIER,,,Kitchen,0.0,PayPal
536284,17073.0,JUMBO BAG PINK POLKADOT,4.0,not_a_price,Storage,0.0,PayPal
536296,13354.0,WHITE HANGING HEART T-LIGHT HOLDER,,,Home Decor,0.21,Bank Transfer
536126,,GLASS STAR FROSTED T-LIGHT HOLDER,10.0,,Lighting,0.0,Credit Card
536181,12516.0,PACK OF 72 RETROSPOT CAKE CASES,7.0,not_a_price,Party Supplies,0.0,PayPal
536368,,CREAM CUPID HEARTS COAT HANGER,2.0,,Home Decor,0.0,Gift Card
536378,,ASSORTED COLOUR BIRD ORNAMENT,,3.55,Gifts,0.0,Credit Card
536282,,WHITE METAL LANTERN,,not_a_price,Lighting,0.0,Credit Card
536486,15605.0,GLASS STAR FROSTED T-LIGHT HOLDER,,4.29,Lighting,0.02,Credit Card
536217,16829.0,WHITE HANGING HEART T-LIGHT HOLDER,,1.23,Home Decor,0.01,Gift Card
536395,,SET OF 3 CAKE TINS PANTRY DESIGN,,not_a_price,Kitchen,0.26,PayPal
536163,,REGENCY CAKESTAND 3 TIER,9.0,,Kitchen,0.0,PayPal
536427,,ASSORTED COLOUR BIRD ORNAMENT,3.0,,Gifts,0.02,Credit Card
536295,,ASSORTED COLOUR BIRD ORNAMENT,4.0,3.85,Gifts,0.11,Bank Transfer
536014,,SET OF 3 CAKE TINS PANTRY DESIGN,,4.77,Kitchen,0.01,PayPal
536301,,WHITE METAL LANTERN,,,Lighting,0.0,Credit Card
536049,13445.0,REGENCY CAKESTAND 3 TIER,,,Kitchen,0.0,Credit Card
536257,17503.0,WHITE HANGING HEART T-LIGHT HOLDER,,not_a_price,Home Decor,0.09,PayPal
536143,12909.0,WHITE METAL LANTERN,2.0,3.53,Lighting,0.0,Gift Card
536160,14917.0,PACK OF 72 RETROSPOT CAKE CASES,,,Party Supplies,0.01,PayPal
536398,16074.0,WHITE METAL LANTERN,,not_a_price,Lighting,0.0,Credit Card
536365,,PACK OF 72 RETROSPOT CAKE CASES,,,Party Supplies,0.0,Credit Card
536383,,ASSORTED COLOUR BIRD ORNAMENT,,,Gifts,0.0,Bank Transfer
536177,,GLASS STAR FROSTED T-LIGHT HOLDER,,not_a_price,Lighting,0.0,Gift Card
536157,,GLASS STAR FROSTED T-LIGHT HOLDER,10.0,,Lighting,0.3,Bank Transfer
536306,17214.0,GLASS STAR FROSTED T-LIGHT HOLDER,,not_a_price,Lighting,0.01,Credit Card
536393,,REGENCY CAKESTAND 3 TIER,7.0,3.7,Kitchen,0.0,Credit Card
536162,17982.0,SET OF 3 CAKE TINS PANTRY DESIGN,3.0,,Kitchen,0.03,Bank Transfer
536177,,PACK OF 72 RETROSPOT CAKE CASES,7.0,not_a_price,Party Supplies,0.02,Gift Card
536348,,HAND WARMER UNION JACK,,,Seasonal,0.06,Credit Card
536304,,GLASS STAR FROSTED T-LIGHT HOLDER,4.0,4.3,Lighting,0.0,PayPal
536424,,PACK OF 72 RETROSPOT CAKE CASES,,,Party Supplies,0.29,PayPal
536239,,REGENCY CAKESTAND 3 TIER,2.0,,Kitchen,0.03,Gift Card
536422,,CREAM CUPID HEARTS COAT HANGER,,not_a_price,Home Decor,0.0,Gift Card
536181,15988.0,REGENCY CAKESTAND 3 TIER,7.0,not_a_price,Kitchen,0.11,Bank Transfer
536487,,PACK OF 72 RETROSPOT CAKE CASES,,3.6,Party Supplies,0.0,Bank Transfer
536304,,WHITE METAL LANTERN,,,Lighting,0.0,Gift Card
536262,14865.0,REGENCY CAKESTAND 3 TIER,,,Kitchen,0.0,PayPal
536047,12289.0,JUMBO BAG PINK POLKADOT,6.0,4.46,Storage,0.0,Bank Transfer
536362,,PACK OF 72 RETROSPOT CAKE CASES,,not_a_price,Party Supplies,0.0,Gift Card
536444,,HAND WARMER UNION JACK,,2.07,Seasonal,0.0,Gift Card
536468,,WHITE HANGING HEART T-LIGHT HOLDER,,,Home Decor,0.16,Bank Transfer
536296,,WHITE METAL LANTERN,,,Lighting,0.21,Credit Card
536446,,PACK OF 72 RETROSPOT CAKE CASES,8.0,not_a_price,Party Supplies,0.28,Gift Card
536321,12296.0,JUMBO BAG PINK POLKADOT,,,Storage,0.15,Gift Card
536257,,SET OF 3 CAKE TINS PANTRY DESIGN,,3.3,Kitchen,0.0,Bank Transfer
536273,15161.0,HAND WARMER UNION JACK,,,Seasonal,0.0,Bank Transfer
536380,16953.0,JUMBO BAG PINK POLKADOT,7.0,1.44,Storage,0.16,Credit Card
536126,,CREAM CUPID HEARTS COAT HANGER,1.0,,Home Decor,0.0,PayPal
536336,,GLASS STAR FROSTED T-LIGHT HOLDER,6.0,4.73,Lighting,0.0,Gift Card
536297,,HAND WARMER UNION JACK,,,Seasonal,0.0,Credit Card
536445,,ASSORTED COLOUR BIRD ORNAMENT,,3.23,Gifts,0.0,Bank Transfer
536499,,GLASS STAR FROSTED T-LIGHT HOLDER,6.0,not_a_price,Lighting,0.0,Credit Card
536316,,HAND WARMER UNION JACK,,not_a_price,Seasonal,0.2,Bank Transfer
536165,16660.0,CREAM CUPID HEARTS COAT HANGER,,2.42,Home Decor,0.05,Gift Card
536229,,REGENCY CAKESTAND 3 TIER,8.0,not_a_price,Kitchen,0.0,Bank Transfer
536044,14379.0,SET OF 3 CAKE TINS PANTRY DESIGN,,,Kitchen,0.01,Bank Transfer
536329,,HAND WARMER UNION JACK,1.0,not_a_price,Seasonal,0.23,Bank Transfer
536092,12408.0,WHITE METAL LANTERN,2.0,,Lighting,0.0,Bank Transfer
536387,13414.0,REGENCY CAKESTAND 3 TIER,,,Kitchen,0.0,Bank Transfer
536267,,CREAM CUPID HEARTS COAT HANGER,,,Home Decor,0.0,Credit Card
536263,13767.0,HAND WARMER UNION JACK,,not_a_price,Seasonal,0.0,PayPal
536272,,JUMBO BAG PINK POLKADOT,,not_a_price,Storage,0.29,Gift Card
536463,,SET OF 3 CAKE TINS PANTRY DESIGN,1.0,3.59,Kitchen,0.0,PayPal
536265,,CREAM CUPID HEARTS COAT HANGER,,,Home Decor,0.0,Gift Card
536154,,CREAM CUPID HEARTS COAT HANGER,,,Home Decor,0.0,Bank Transfer
536453,,GLASS STAR FROSTED T-LIGHT HOLDER,,1.34,Lighting,0.0,Gift Card
536040,,JUMBO BAG PINK POLKADOT,,,Storage,0.0,PayPal
536196,,WHITE METAL LANTERN,,3.89,Lighting,0.0,PayPal
536195,,JUMBO BAG PINK POLKADOT,3.0,,Storage,0.0,Credit Card
536330,,CREAM CUPID HEARTS COAT HANGER,,,Home Decor,0.01,Bank Transfer
536233,17677.0,WHITE METAL LANTERN,,not_a_price,Lighting,0.0,PayPal
536346,14749.0,GLASS STAR FROSTED T-LIGHT HOLDER,,,Lighting,0.0,Bank Transfer
536136,,CREAM CUPID HEARTS COAT HANGER,8.0,,Home Decor,0.0,Gift Card
536112,,GLASS STAR FROSTED T-LIGHT HOLDER,6.0,3.75,Lighting,0.0,Bank Transfer
536285,,WHITE METAL LANTERN,,,Lighting,0.15,PayPal
536315,,REGENCY CAKESTAND 3 TIER,,,Kitchen,0.0,Credit Card
536452,,CREAM CUPID HEARTS COAT HANGER,,,Home Decor,0.0,Credit Card
536482,,WHITE HANGING HEART T-LIGHT HOLDER,,,Home Decor,0.0,Credit Card
536077,17880.0,CREAM CUPID HEARTS COAT HANGER,,2.03,Home Decor,0.21,PayPal
536150,,WHITE HANGING HEART T-LIGHT HOLDER,,,Home Decor,0.0,Gift Card
536365,,WHITE HANGING HEART T-LIGHT HOLDER,,not_a_price,Home Decor,0.0,PayPal
536325,,WHITE HANGING HEART T-LIGHT HOLDER,,not_a_price,Home Decor,0.09,Bank Transfer
536005,,PACK OF 72 RETROSPOT CAKE CASES,,,Party Supplies,0.02,Credit Card
536079,,HAND WARMER UNION JACK,,1.71,Seasonal,0.0,PayPal
536463,17846.0,JUMBO BAG PINK POLKADOT,,1.18,Storage,0.0,PayPal
536033,,CREAM CUPID HEARTS COAT HANGER,7.0,,Home Decor,0.0,Gift Card
536309,14097.0,JUMBO BAG PINK POLKADOT,,,Storage,0.0,Bank Transfer
536291,,PACK OF 72 RETROSPOT CAKE CASES,3.0,not_a_price,Party Supplies,0.0,Bank Transfer
536436,17382.0,REGENCY CAKESTAND 3 TIER,,4.07,Kitchen,0.13,Gift Card
536276,17133.0,CREAM CUPID HEARTS COAT HANGER,1.0,3.44,Home Decor,0.0,Credit Card
536219,,PACK OF 72 RETROSPOT CAKE CASES,,,Party Supplies,0.26,PayPal
536409,,JUMBO BAG PINK POLKADOT,,not_a_price,Storage,0.0,Bank Transfer
536134,13677.0,REGENCY CAKESTAND 3 TIER,,not_a_price,Kitchen,0.0,Gift Card
536435,,WHITE HANGING HEART T-LIGHT HOLDER,2.0,not_a_price,Home Decor,0.0,Gift Card
536160,12842.0,ASSORTED COLOUR BIRD ORNAMENT,,,Gifts,0.0,Bank Transfer
536119,,ASSORTED COLOUR BIRD ORNAMENT,,,Gifts,0.0,Bank Transfer
536120,,GLASS STAR FROSTED T-LIGHT HOLDER,,not_a_price,Lighting,0.01,Bank Transfer
536338,,ASSORTED COLOUR BIRD ORNAMENT,,,Gifts,0.0,Credit Card
536140,,ASSORTED COLOUR BIRD ORNAMENT,,4.84,Gifts,0.01,Credit Card
536478,,CREAM CUPID HEARTS COAT HANGER,9.0,,Home Decor,0.25,PayPal
536376,,CREAM CUPID HEARTS COAT HANGER,10.0,not_a_price,Home Decor,0.11,PayPal
536228,,GLASS STAR FROSTED T-LIGHT HOLDER,5.0,,Lighting,0.0,Gift Card
536126,13208.0,REGENCY CAKESTAND 3 TIER,,,Kitchen,0.0,Bank Transfer
536172,,PACK OF 72 RETROSPOT CAKE CASES,,,Party Supplies,0.01,PayPal
536315,14933.0,WHITE HANGING HEART T-LIGHT HOLDER,10.0,4.44,Home Decor,0.15,PayPal
536205,14050.0,JUMBO BAG PINK POLKADOT,1.0,,Storage,0.0,Gift Card
536321,12833.0,CREAM CUPID HEARTS COAT HANGER,1.0,,Home Decor,0.07,Bank Transfer
536440,,CREAM CUPID HEARTS COAT HANGER,,1.86,Home Decor,0.2,Bank Transfer
536129,15096.0,CREAM CUPID HEARTS COAT HANGER,2.0,not_a_price,Home Decor,0.19,PayPal
536349,,HAND WARMER UNION JACK,,3.5,Seasonal,0.0,Bank Transfer
536478,16083.0,JUMBO BAG PINK POLKADOT,5.0,,Storage,0.0,PayPal
536451,,JUMBO BAG PINK POLKADOT,,,Storage,0.14,Gift Card
536492,,WHITE HANGING HEART T-LIGHT HOLDER,,,Home Decor,0.14,PayPal
536059,,JUMBO BAG PINK POLKADOT,5.0,not_a_price,Storage,0.15,Bank Transfer
536409,,CREAM CUPID HEARTS COAT HANGER,,,Home Decor,0.0,PayPal
536145,12862.0,PACK OF 72 RETROSPOT CAKE CASES,6.0,,Party Supplies,0.0,Gift Card
536471,,ASSORTED COLOUR BIRD ORNAMENT,,4.42,Gifts,0.0,PayPal
536398,,SET OF 3 CAKE TINS PANTRY DESIGN,,not_a_price,Kitchen,0.0,Credit Card
536347,,HAND WARMER UNION JACK,,not_a_price,Seasonal,0.0,PayPal
536187,,WHITE METAL LANTERN,,1.58,Lighting,0.1,Credit Card
536151,,JUMBO BAG PINK POLKADOT,,,Storage,0.13,Gift Card
536073,,HAND WARMER UNION JACK,,not_a_price,Seasonal,0.14,Bank Transfer
536486,,PACK OF 72 RETROSPOT CAKE CASES,3.0,,Party Supplies,0.2,Credit Card
536245,16101.0,WHITE HANGING HEART T-LIGHT HOLDER,,,Home Decor,0.05,Credit Card
536181,,REGENCY CAKESTAND 3 TIER,,,Kitchen,0.1,Bank Transfer
536028,,SET OF 3 CAKE TINS PANTRY DESIGN,,,Kitchen,0.12,Credit Card
536103,,PACK OF 72 RETROSPOT CAKE CASES,4.0,,Party Supplies,0.07,PayPal
536333,,PACK OF 72 RETROSPOT CAKE CASES,2.0,,Party Supplies,0.16,PayPal
536011,,JUMBO BAG PINK POLKADOT,,,Storage,0.12,Credit Card
536417,,SET OF 3 CAKE TINS PANTRY DESIGN,,2.8,Kitchen,0.0,PayPal
536117,,JUMBO BAG PINK POLKADOT,,not_a_price,Storage,0.16,Credit Card
536260,,WHITE METAL LANTERN,,not_a_price,Lighting,0.11,Gift Card
536120,,HAND WARMER UNION JACK,,,Seasonal,0.19,Credit Card
536113,16555.0,WHITE HANGING HEART T-LIGHT HOLDER,,,Home Decor,0.0,Bank Transfer
536490,,JUMBO BAG PINK POLKADOT,,,Storage,0.18,Gift Card
536333,,SET OF 3 CAKE TINS PANTRY DESIGN,,not_a_price,Kitchen,0.05,PayPal
536035,12963.0,PACK OF 72 RETROSPOT CAKE CASES,9.0,,Party Supplies,0.0,PayPal
536008,,CREAM CUPID HEARTS COAT HANGER,,,Home Decor,0.0,Gift Card
536353,,PACK OF 72 RETROSPOT CAKE CASES,,not_a_price,Party Supplies,0.07,Gift Card
536045,14477.0,REGENCY CAKESTAND 3 TIER,7.0,,Kitchen,0.0,Bank Transfer
536352,,SET OF 3 CAKE TINS PANTRY DESIGN,,not_a_price,Kitchen,0.0,PayPal
536442,16319.0,PACK OF 72 RETROSPOT CAKE CASES,,,Party Supplies,0.16,Bank Transfer
536376,15675.0,HAND WARMER UNION JACK,,not_a_price,Seasonal,0.2,Credit Card
536197,,REGENCY CAKESTAND 3 TIER,,,Kitchen,0.23,Bank Transfer
536057,,WHITE METAL LANTERN,4.0,not_a_price,Lighting,0.0,PayPal
536324,15189.0,SET OF 3 CAKE TINS PANTRY DESIGN,,1.1,Kitchen,0.0,Gift Card
536222,,REGENCY CAKESTAND 3 TIER,,4.48,Kitchen,0.0,PayPal
536485,,ASSORTED COLOUR BIRD ORNAMENT,,,Gifts,0.11,PayPal
536347,17499.0,SET OF 3 CAKE TINS PANTRY DESIGN,10.0,not_a_price,Kitchen,0.0,Bank Transfer
536490,,SET OF 3 CAKE TINS PANTRY DESIGN,1.0,not_a_price,Kitchen,0.0,PayPal
536029,,WHITE HANGING HEART T-LIGHT HOLDER,9.0,3.99,Home Decor,0.09,PayPal
536303,,GLASS STAR FROSTED T-LIGHT HOLDER,1.0,,Lighting,0.0,Gift Card
536026,16080.0,ASSORTED COLOUR BIRD ORNAMENT,,,Gifts,0.0,PayPal
536174,,ASSORTED COLOUR BIRD ORNAMENT,6.0,,Gifts,0.01,Gift Card
536103,15416.0,WHITE METAL LANTERN,10.0,not_a_price,Lighting,0.0,Bank Transfer
536340,12908.0,JUMBO BAG PINK POLKADOT,2.0,,Storage,0.19,Bank Transfer
536166,16922.0,CREAM CUPID HEARTS COAT HANGER,,not_a_price,Home Decor,0.0,Bank Transfer
536159,17791.0,JUMBO BAG PINK POLKADOT,,,Storage,0.0,PayPal
536450,,WHITE HANGING HEART T-LIGHT HOLDER,,2.27,Home Decor,0.0,Credit Card
536499,,ASSORTED COLOUR BIRD ORNAMENT,8.0,4.17,Gifts,0.15,Gift Card
536223,,WHITE HANGING HEART T-LIGHT HOLDER,7.0,,Home Decor,0.0,Bank Transfer
536392,,CREAM CUPID HEARTS COAT HANGER,1.0,1.42,Home Decor,0.0,Gift Card
536113,,REGENCY CAKESTAND 3 TIER,,,Kitchen,0.09,Bank Transfer
536132,,SET OF 3 CAKE TINS PANTRY DESIGN,2.0,,Kitchen,0.0,Bank Transfer
536264,,JUMBO BAG PINK POLKADOT,,,Storage,0.27,Bank Transfer
536460,17646.0,PACK OF 72 RETROSPOT CAKE CASES,,,Party Supplies,0.0,Gift Card
536488,13504.0,CREAM CUPID HEARTS COAT HANGER,2.0,not_a_price,Home Decor,0.0,Bank Transfer
536381,,WHITE METAL LANTERN,,3.68,Lighting,0.04,Credit Card
536366,16044.0,ASSORTED COLOUR BIRD ORNAMENT,1.0,,Gifts,0.29,Bank Transfer
536459,13911.0,GLASS STAR FROSTED T-LIGHT HOLDER,,,Lighting,0.0,PayPal
536199,,CREAM CUPID HEARTS COAT HANGER,2.0,,Home Decor,0.11,Bank Transfer
536407,13096.0,REGENCY CAKESTAND 3 TIER,9.0,,Kitchen,0.08,Gift Card
536348,,PACK OF 72 RETROSPOT CAKE CASES,10.0,,Party Supplies,0.0,Credit Card
536034,17284.0,CREAM CUPID HEARTS COAT HANGER,1.0,,Home Decor,0.0,Credit Card
536356,,WHITE HANGING HEART T-LIGHT HOLDER,,,Home Decor,0.14,PayPal
536124,,CREAM CUPID HEARTS COAT HANGER,,3.41,Home Decor,0.0,Credit Card
536472,12438.0,CREAM CUPID HEARTS COAT HANGER,,,Home Decor,0.0,Gift Card
536202,,WHITE METAL LANTERN,,,Lighting,0.0,Gift Card
536365,,PACK OF 72 RETROSPOT CAKE CASES,,,Party Supplies,0.0,Gift Card
536188,15041.0,WHITE METAL LANTERN,8.0,,Lighting,0.0,Bank Transfer
536132,,CREAM CUPID HEARTS COAT HANGER,,,Home Decor,0.1,Gift Card
536220,17150.0,SET OF 3 CAKE TINS PANTRY DESIGN,10.0,3.43,Kitchen,0.07,Credit Card
536193,,ASSORTED COLOUR BIRD ORNAMENT,8.0,not_a_price,Gifts,0.0,Bank Transfer
536129,14563.0,ASSORTED COLOUR BIRD ORNAMENT,5.0,,Gifts,0.24,PayPal
536062,,ASSORTED COLOUR BIRD ORNAMENT,5.0,,Gifts,0.26,Bank Transfer
536404,,PACK OF 72 RETROSPOT CAKE CASES,,1.5,Party Supplies,0.0,PayPal
536409,,PACK OF 72 RETROSPOT CAKE CASES,,,Party Supplies,0.0,Gift Card
536270,,JUMBO BAG PINK POLKADOT,6.0,,Storage,0.0,Bank Transfer
536010,,PACK OF 72 RETROSPOT CAKE CASES,,not_a_price,Party Supplies,0.0,Bank Transfer
536260,16379.0,WHITE METAL LANTERN,,3.64,Lighting,0.0,Credit Card
536434,,PACK OF 72 RETROSPOT CAKE CASES,6.0,1.63,Party Supplies,0.0,Bank Transfer
536226,,ASSORTED COLOUR BIRD ORNAMENT,,,Gifts,0.0,Bank Transfer
536155,,JUMBO BAG PINK POLKADOT,,,Storage,0.14,PayPal
536339,,CREAM CUPID HEARTS COAT HANGER,,,Home Decor,0.17,Gift Card
536319,,ASSORTED COLOUR BIRD ORNAMENT,10.0,3.18,Gifts,0.18,Bank Transfer
536482,16691.0,SET OF 3 CAKE TINS PANTRY DESIGN,,3.49,Kitchen,0.2,Credit Card
536026,,ASSORTED COLOUR BIRD ORNAMENT,1.0,not_a_price,Gifts,0.0,Credit Card
536108,,ASSORTED COLOUR BIRD ORNAMENT,,not_a_price,Gifts,0.0,Bank Transfer
536336,17050.0,WHITE METAL LANTERN,2.0,,Lighting,0.0,Gift Card
536142,,PACK OF 72 RETROSPOT CAKE CASES,,2.9,Party Supplies,0.0,Bank Transfer
536490,14060.0,WHITE METAL LANTERN,,,Lighting,0.05,Gift Card
536019,,ASSORTED COLOUR BIRD ORNAMENT,,,Gifts,0.0,Gift Card
536306,17270.0,REGENCY CAKESTAND 3 TIER,3.0,3.42,Kitchen,0.19,Credit Card
536400,,GLASS STAR FROSTED T-LIGHT HOLDER,1.0,,Lighting,0.0,Gift Card
536002,,SET OF 3 CAKE TINS PANTRY DESIGN,8.0,not_a_price,Kitchen,0.0,Credit Card
536430,,WHITE HANGING HEART T-LIGHT HOLDER,8.0,,Home Decor,0.0,Credit Card
536267,16380.0,WHITE HANGING HEART T-LIGHT HOLDER,,,Home Decor,0.0,Gift Card
536033,,SET OF 3 CAKE TINS PANTRY DESIGN,,not_a_price,Kitchen,0.0,Bank Transfer
536483,,ASSORTED COLOUR BIRD ORNAMENT,,not_a_price,Gifts,0.17,Gift Card
536170,,PACK OF 72 RETROSPOT CAKE CASES,,1.21,Party Supplies,0.0,Bank Transfer
536022,,CREAM CUPID HEARTS COAT HANGER,,,Home Decor,0.06,Credit Card
536145,,JUMBO BAG PINK POLKADOT,,4.01,Storage,0.0,PayPal
536258,,PACK OF 72 RETROSPOT CAKE CASES,,,Party Supplies,0.0,PayPal
536115,17698.0,ASSORTED COLOUR BIRD ORNAMENT,,3.3,Gifts,0.0,Credit Card
536472,17639.0,ASSORTED COLOUR BIRD ORNAMENT,2.0,,Gifts,0.0,Gift Card
536075,,WHITE METAL LANTERN,4.0,4.35,Lighting,0.09,Gift Card
536055,15003.0,SET OF 3 CAKE TINS PANTRY DESIGN,,not_a_price,Kitchen,0.02,PayPal
536457,,WHITE HANGING HEART T-LIGHT HOLDER,,,Home Decor,0.02,Gift Card
536372,,SET OF 3 CAKE TINS PANTRY DESIGN,,,Kitchen,0.24,Bank Transfer
536091,,JUMBO BAG PINK POLKADOT,5.0,,Storage,0.0,Gift Card
536200,,GLASS STAR FROSTED T-LIGHT HOLDER,2.0,,Lighting,0.0,Gift Card
536326,,WHITE METAL LANTERN,9.0,1.13,Lighting,0.0,Gift Card
536040,,PACK OF 72 RETROSPOT CAKE CASES,,not_a_price,Party Supplies,0.02,Bank Transfer
536002,,JUMBO BAG PINK POLKADOT,,not_a_price,Storage,0.0,Bank Transfer
536396,,HAND WARMER UNION JACK,,,Seasonal,0.05,Bank Transfer
536298,,PACK OF 72 RETROSPOT CAKE CASES,,not_a_price,Party Supplies,0.0,Credit Card
536222,,ASSORTED COLOUR BIRD ORNAMENT,,,Gifts,0.0,Gift Card
536300,12138.0,HAND WARMER UNION JACK,,,Seasonal,0.0,Bank Transfer
536153,,GLASS STAR FROSTED T-LIGHT HOLDER,,,Lighting,0.0,PayPal
536232,,HAND WARMER UNION JACK,9.0,1.39,Seasonal,0.01,Bank Transfer
536307,,WHITE HANGING HEART T-LIGHT HOLDER,2.0,2.36,Home Decor,0.0,Credit Card
536193,,WHITE HANGING HEART T-LIGHT HOLDER,2.0,1.52,Home Decor,0.06,PayPal
536476,,GLASS STAR FROSTED T-LIGHT HOLDER,,,Lighting,0.05,Gift Card
536201,,WHITE HANGING HEART T-LIGHT HOLDER,7.0,,Home Decor,0.04,Gift Card
536302,,JUMBO BAG PINK POLKADOT,,,Storage,0.24,Bank Transfer
536048,15326.0,JUMBO BAG PINK POLKADOT,8.0,,Storage,0.0,Credit Card
536377,,REGENCY CAKESTAND 3 TIER,6.0,,Kitchen,0.0,Gift Card
536026,,WHITE METAL LANTERN,,,Lighting,0.0,Credit Card
536425,,HAND WARMER UNION JACK,1.0,,Seasonal,0.09,PayPal
536230,14035.0,WHITE HANGING HEART T-LIGHT HOLDER,,2.69,Home Decor,0.01,Credit Card
536482,,CREAM CUPID HEARTS COAT HANGER,,2.54,Home Decor,0.0,Gift Card
536140,17035.0,JUMBO BAG PINK POLKADOT,,,Storage,0.25,Credit Card
536044,,CREAM CUPID HEARTS COAT HANGER,,2.01,Home Decor,0.16,Credit Card
536310,12387.0,REGENCY CAKESTAND 3 TIER,,,Kitchen,0.0,Credit Card
536019,,SET OF 3 CAKE TINS PANTRY DESIGN,,,Kitchen,0.0,PayPal
536237,,WHITE METAL LANTERN,6.0,,Lighting,0.0,Credit Card
536475,,REGENCY CAKESTAND 3 TIER,,,Kitchen,0.0,Gift Card
536350,16369.0,CREAM CUPID HEARTS COAT HANGER,4.0,1.61,Home Decor,0.0,Bank Transfer
536150,17163.0,PACK OF 72 RETROSPOT CAKE CASES,,,Party Supplies,0.0,Gift Card
536461,,PACK OF 72 RETROSPOT CAKE CASES,,,Party Supplies,0.0,PayPal
536486,,SET OF 3 CAKE TINS PANTRY DESIGN,,1.82,Kitchen,0.0,Credit Card
536210,,ASSORTED COLOUR BIRD ORNAMENT,,not_a_price,Gifts,0.14,Bank Transfer
536140,16297.0,WHITE HANGING HEART T-LIGHT HOLDER,,,Home Decor,0.04,PayPal
536195,,REGENCY CAKESTAND 3 TIER,,1.46,Kitchen,0.13,Bank Transfer
536058,,GLASS STAR FROSTED T-LIGHT HOLDER,7.0,,Lighting,0.11,Bank Transfer
536080,,WHITE METAL LANTERN,,,Lighting,0.0,Credit Card
536042,,GLASS STAR FROSTED T-LIGHT HOLDER,7.0,not_a_price,Lighting,0.03,Gift Card
536040,12188.0,SET OF 3 CAKE TINS PANTRY DESIGN,,,Kitchen,0.0,Credit Card
536238,17605.0,GLASS STAR FROSTED T-LIGHT HOLDER,,,Lighting,0.09,Gift Card
536265,,JUMBO BAG PINK POLKADOT,,4.91,Storage,0.0,Credit Card
536292,,REGENCY CAKESTAND 3 TIER,9.0,,Kitchen,0.0,Bank Transfer
536013,,WHITE METAL LANTERN,5.0,,Lighting,0.16,PayPal
536092,,JUMBO BAG PINK POLKADOT,,not_a_price,Storage,0.22,Bank Transfer
536385,,ASSORTED COLOUR BIRD ORNAMENT,8.0,3.62,Gifts,0.13,Bank Transfer
536377,,SET OF 3 CAKE TINS PANTRY DESIGN,,,Kitchen,0.11,Bank Transfer
536197,16123.0,HAND WARMER UNION JACK,,not_a_price,Seasonal,0.0,Credit Card
536296,,HAND WARMER UNION JACK,,not_a_price,Seasonal,0.1,Gift Card
536034,,WHITE HANGING HEART T-LIGHT HOLDER,,,Home Decor,0.01,PayPal
536441,,WHITE METAL LANTERN,,3.92,Lighting,0.21,PayPal
536122,,CREAM CUPID HEARTS COAT HANGER,,,Home Decor,0.0,PayPal
536216,,CREAM CUPID HEARTS COAT HANGER,5.0,,Home Decor,0.22,Gift Card
536140,,SET OF 3 CAKE TINS PANTRY DESIGN,,,Kitchen,0.0,PayPal
536292,,PACK OF 72 RETROSPOT CAKE CASES,,not_a_price,Party Supplies,0.21,PayPal
536313,,PACK OF 72 RETROSPOT CAKE CASES,,,Party Supplies,0.0,Gift Card
536427,,SET OF 3 CAKE TINS PANTRY DESIGN,,,Kitchen,0.29,Credit Card
536258,14810.0,GLASS STAR FROSTED T-LIGHT HOLDER,7.0,not_a_price,Lighting,0.0,PayPal
536476,,CREAM CUPID HEARTS COAT HANGER,,,Home Decor,0.26,PayPal
536189,15342.0,SET OF 3 CAKE TINS PANTRY DESIGN,,,Kitchen,0.0,Gift Card
536347,14430.0,WHITE HANGING HEART T-LIGHT HOLDER,,,Home Decor,0.0,PayPal
536016,,PACK OF 72 RETROSPOT CAKE CASES,,,Party Supplies,0.0,Credit Card
536460,12413.0,REGENCY CAKESTAND 3 TIER,,,Kitchen,0.0,Gift Card
536112,,SET OF 3 CAKE TINS PANTRY DESIGN,,,Kitchen,0.28,Gift Card
536097,,WHITE HANGING HEART T-LIGHT HOLDER,8.0,4.74,Home Decor,0.0,Gift Card
536339,,HAND WARMER UNION JACK,,,Seasonal,0.0,Gift Card
536226,,WHITE HANGING HEART T-LIGHT HOLDER,3.0,2.21,Home Decor,0.0,PayPal
536296,12860.0,SET OF 3 CAKE TINS PANTRY DESIGN,,,Kitchen,0.0,PayPal
536087,13113.0,CREAM CUPID HEARTS COAT HANGER,3.0,,Home Decor,0.0,Gift Card
536367,13622.0,SET OF 3 CAKE TINS PANTRY DESIGN,2.0,,Kitchen,0.0,Bank Transfer
536127,,ASSORTED COLOUR BIRD ORNAMENT,,,Gifts,0.0,Bank Transfer
536172,,CREAM CUPID HEARTS COAT HANGER,7.0,,Home Decor,0.0,Credit Card
536263,,ASSORTED COLOUR BIRD ORNAMENT,,,Gifts,0.0,Bank Transfer
536032,,ASSORTED COLOUR BIRD ORNAMENT,7.0,4.87,Gifts,0.0,PayPal
536458,,PACK OF 72 RETROSPOT CAKE CASES,9.0,not_a_price,Party Supplies,0.0,Credit Card
536395,,ASSORTED COLOUR BIRD ORNAMENT,,3.17,Gifts,0.0,Credit Card
536309,,SET OF 3 CAKE TINS PANTRY DESIGN,,,Kitchen,0.29,Bank Transfer
536380,15674.0,WHITE HANGING HEART T-LIGHT HOLDER,,2.54,Home Decor,0.0,Gift Card
536258,16019.0,REGENCY CAKESTAND 3 TIER,1.0,,Kitchen,0.26,Bank Transfer
536389,,WHITE HANGING HEART T-LIGHT HOLDER,,,Home Decor,0.19,Gift Card
536463,,GLASS STAR FROSTED T-LIGHT HOLDER,1.0,not_a_price,Lighting,0.0,PayPal
536297,14052.0,CREAM CUPID HEARTS COAT HANGER,,,Home Decor,0.0,Bank Transfer
536265,15612.0,ASSORTED COLOUR BIRD ORNAMENT,,,Gifts,0.27,Gift Card
536366,15641.0,WHITE HANGING HEART T-LIGHT HOLDER,3.0,4.55,Home Decor,0.0,PayPal
536032,13455.0,JUMBO BAG PINK POLKADOT,5.0,not_a_price,Storage,0.09,Credit Card
536265,,REGENCY CAKESTAND 3 TIER,,,Kitchen,0.0,PayPal
536277,12667.0,PACK OF 72 RETROSPOT CAKE CASES,,,Party Supplies,0.0,Credit Card
536010,16221.0,CREAM CUPID HEARTS COAT HANGER,,not_a_price,Home Decor,0.0,Gift Card
536415,,REGENCY CAKESTAND 3 TIER,8.0,2.55,Kitchen,0.0,Credit Card
536321,,WHITE HANGING HEART T-LIGHT HOLDER,4.0,,Home Decor,0.0,Bank Transfer
536466,,ASSORTED COLOUR BIRD ORNAMENT,,not_a_price,Gifts,0.16,Bank Transfer
536003,,WHITE HANGING HEART T-LIGHT HOLDER,,not_a_price,Home Decor,0.23,PayPal
536332,,CREAM CUPID HEARTS COAT HANGER,,,Home Decor,0.0,Credit Card
536377,,SET OF 3 CAKE TINS PANTRY DESIGN,,,Kitchen,0.15,Gift Card
536370,,WHITE METAL LANTERN,,,Lighting,0.22,Bank Transfer
536087,,CREAM CUPID HEARTS COAT HANGER,,3.93,Home Decor,0.11,Bank Transfer
536048,17594.0,SET OF 3 CAKE TINS PANTRY DESIGN,,,Kitchen,0.0,Bank Transfer
536201,15176.0,CREAM CUPID HEARTS COAT HANGER,10.0,,Home Decor,0.07,Bank Transfer
536200,14432.0,REGENCY CAKESTAND 3 TIER,2.0,,Kitchen,0.25,Gift Card
536142,,HAND WARMER UNION JACK,,,Seasonal,0.0,PayPal
536307,,ASSORTED COLOUR BIRD ORNAMENT,,,Gifts,0.12,PayPal
536347,16404.0,WHITE HANGING HEART T-LIGHT HOLDER,,2.66,Home Decor,0.13,PayPal
536288,,SET OF 3 CAKE TINS PANTRY DESIGN,,not_a_price,Kitchen,0.0,PayPal
536146,12350.0,SET OF 3 CAKE TINS PANTRY DESIGN,,,Kitchen,0.23,PayPal
536347,,WHITE METAL LANTERN,,2.64,Lighting,0.0,Credit Card
536144,,GLASS STAR FROSTED T-LIGHT HOLDER,,,Lighting,0.0,Gift Card
536437,15268.0,PACK OF 72 RETROSPOT CAKE CASES,8.0,,Party Supplies,0.0,Gift Card
536480,,REGENCY CAKESTAND 3 TIER,,,Kitchen,0.12,Bank Transfer
536321,,CREAM CUPID HEARTS COAT HANGER,3.0,,Home Decor,0.03,PayPal
536399,,GLASS STAR FROSTED T-LIGHT HOLDER,1.0,not_a_price,Lighting,0.0,PayPal
536360,12891.0,PACK OF 72 RETROSPOT CAKE CASES,,3.13,Party Supplies,0.0,PayPal
536459,,SET OF 3 CAKE TINS PANTRY DESIGN,,,Kitchen,0.29,Gift Card
536459,,HAND WARMER UNION JACK,,,Seasonal,0.17,PayPal
536365,,CREAM CUPID HEARTS COAT HANGER,,4.84,Home Decor,0.0,Bank Transfer
536065,,WHITE HANGING HEART T-LIGHT HOLDER,,,Home Decor,0.28,Credit Card
536252,,CREAM CUPID HEARTS COAT HANGER,,,Home Decor,0.18,PayPal
536149,,PACK OF 72 RETROSPOT CAKE CASES,,not_a_price,Party Supplies,0.0,Credit Card
536276,17539.0,WHITE HANGING HEART T-LIGHT HOLDER,,4.07,Home Decor,0.0,Gift Card
536437,17205.0,SET OF 3 CAKE TINS PANTRY DESIGN,,not_a_price,Kitchen,0.0,Credit Card
536152,,CREAM CUPID HEARTS COAT HANGER,,,Home Decor,0.0,Gift Card
536088,,JUMBO BAG PINK POLKADOT,,not_a_price,Storage,0.18,PayPal
536072,,GLASS STAR FROSTED T-LIGHT HOLDER,,1.45,Lighting,0.0,Gift Card
536275,15973.0,HAND WARMER UNION JACK,9.0,1.87,Seasonal,0.0,Gift Card
536302,,JUMBO BAG PINK POLKADOT,4.0,1.24,Storage,0.0,Credit Card
536377,,GLASS STAR FROSTED T-LIGHT HOLDER,,,Lighting,0.0,Credit Card
536155,12882.0,SET OF 3 CAKE TINS PANTRY DESIGN,,not_a_price,Kitchen,0.0,Bank Transfer
536284,,PACK OF 72 RETROSPOT CAKE CASES,3.0,not_a_price,Party Supplies,0.0,Gift Card
536073,12822.0,SET OF 3 CAKE TINS PANTRY DESIGN,6.0,,Kitchen,0.11,PayPal
536442,,WHITE METAL LANTERN,,,Lighting,0.28,Gift Card
536162,,GLASS STAR FROSTED T-LIGHT HOLDER,2.0,,Lighting,0.12,Bank Transfer
536128,15968.0,CREAM CUPID HEARTS COAT HANGER,,not_a_price,Home Decor,0.0,PayPal
536104,,CREAM CUPID HEARTS COAT HANGER,,,Home Decor,0.0,Credit Card
536446,17515.0,WHITE HANGING HEART T-LIGHT HOLDER,1.0,not_a_price,Home Decor,0.0,Credit Card
536448,,SET OF 3 CAKE TINS PANTRY DESIGN,,not_a_price,Kitchen,0.0,PayPal
536120,,GLASS STAR FROSTED T-LIGHT HOLDER,,,Lighting,0.0,Credit Card
536429,16815.0,REGENCY CAKESTAND 3 TIER,,4.36,Kitchen,0.0,Bank Transfer
536232,,PACK OF 72 RETROSPOT CAKE CASES,,,Party Supplies,0.11,Bank Transfer
536491,14579.0,CREAM CUPID HEARTS COAT HANGER,,not_a_price,Home Decor,0.0,Bank Transfer
536184,15098.0,CREAM CUPID HEARTS COAT HANGER,,,Home Decor,0.0,Gift Card
536457,,GLASS STAR FROSTED T-LIGHT HOLDER,8.0,,Lighting,0.25,Bank Transfer
536062,,WHITE HANGING HEART T-LIGHT HOLDER,,,Home Decor,0.0,Credit Card
536193,17754.0,PACK OF 72 RETROSPOT CAKE CASES,5.0,,Party Supplies,0.08,PayPal
536128,,HAND WARMER UNION JACK,,1.01,Seasonal,0.09,Credit Card
536037,12342.0,GLASS STAR FROSTED T-LIGHT HOLDER,,not_a_price,Lighting,0.22,Credit Card
